dataset,model,label,accuracy,f1,recall,precision
Adiac,chrono_gam,1.0,0.9820971867007673,0.9907027219130183,1.0,0.9820971867007673
Adiac,chrono_gam,2.0,0.9667519181585678,0.9825665914670751,1.0,0.9667519181585678
Adiac,chrono_gam,3.0,0.9616368286445013,0.9797505421862126,1.0,0.9616368286445013
Adiac,chrono_gam,4.0,0.9846547314578005,0.9920798613975746,1.0,0.9846547314578005
Adiac,chrono_gam,5.0,0.959079283887468,0.9785585093892991,1.0,0.959079283887468
Adiac,chrono_gam,6.0,0.19948849104859334,0.2868950622381138,0.1895993179880648,0.8320545609548168
Adiac,chrono_gam,7.0,0.9744245524296675,0.9865357643758768,1.0,0.9744245524296675
Adiac,chrono_gam,8.0,0.9462915601023018,0.9676981573564346,0.9769820971867008,0.969309462915601
Adiac,chrono_gam,9.0,0.8312020460358056,0.8807666778266372,0.8589940323955669,0.9715016441359152
Adiac,chrono_gam,10.0,0.9539641943734015,0.9706063702268638,0.9754475703324808,0.9736938253562295
Adiac,chrono_gam,11.0,0.9002557544757033,0.9342777464122866,0.9239556692242114,0.9707709170624773
Adiac,chrono_gam,12.0,0.9641943734015346,0.9808854585989739,1.0,0.9641943734015346
Adiac,chrono_gam,13.0,0.9641943734015346,0.98098256374659,1.0,0.9641943734015346
Adiac,chrono_gam,14.0,0.7800511508951407,0.829438966576629,0.7946413347947874,0.9710144927536231
Adiac,chrono_gam,15.0,0.9769820971867008,0.9880317905563348,1.0,0.9769820971867008
Adiac,chrono_gam,16.0,0.9309462915601023,0.9533260678215715,0.9523903206767657,0.96845694799659
Adiac,chrono_gam,17.0,0.10741687979539642,0.18141376710418544,0.10471318962367555,0.8286445012787725
Adiac,chrono_gam,18.0,0.9667519181585678,0.9826636966146908,1.0,0.9667519181585678
Adiac,chrono_gam,19.0,0.8567774936061381,0.9011218583143702,0.8843989769820972,0.9624893435635125
Adiac,chrono_gam,20.0,0.9539641943734015,0.9742673693076102,0.9846547314578005,0.969309462915601
Adiac,chrono_gam,21.0,0.969309462915601,0.9838957181750682,1.0,0.969309462915601
Adiac,chrono_gam,22.0,0.9335038363171355,0.9562450273914277,0.9587139203507491,0.9740835464620631
Adiac,chrono_gam,23.0,0.9718670076726342,0.9853917443555265,1.0,0.9718670076726342
Adiac,chrono_gam,24.0,0.979539641943734,0.9893518136567391,1.0,0.979539641943734
Adiac,chrono_gam,25.0,0.9002557544757033,0.9380224857231706,0.9388381439532335,0.9561640405630175
Adiac,chrono_gam,26.0,0.9718670076726342,0.9853037428154994,1.0,0.9718670076726342
Adiac,chrono_gam,27.0,0.9820971867007673,0.9906718367571434,1.0,0.9820971867007673
Adiac,chrono_gam,28.0,0.9820971867007673,0.9907598382971703,1.0,0.9820971867007673
Adiac,chrono_gam,29.0,0.9718670076726342,0.9853037428154994,1.0,0.9718670076726342
Adiac,chrono_gam,30.0,0.9744245524296675,0.9865266607682878,0.9923273657289002,0.9820971867007673
Adiac,chrono_gam,31.0,0.9718670076726342,0.9853037428154994,1.0,0.9718670076726342
Adiac,chrono_gam,32.0,0.979539641943734,0.9890787054290693,0.9970770917062478,0.9817561807331628
Adiac,chrono_gam,33.0,0.969309462915601,0.9831819279059608,0.9872122762148338,0.9820971867007673
Adiac,chrono_gam,34.0,0.9718670076726342,0.9854797458955534,1.0,0.9718670076726342
Adiac,chrono_gam,35.0,0.7621483375959079,0.8209117518975244,0.7751431007185482,0.9712580684447693
Adiac,chrono_gam,36.0,0.9360613810741688,0.964090449301696,0.9711849957374254,0.9634636463280964
Adiac,chrono_gam,37.0,0.948849104859335,0.9677662930529858,0.9754475703324808,0.9718670076726342
ArrowHead,chrono_gam,0.0,0.4685714285714286,0.45838252196146934,0.4342857142857143,0.6057142857142858
ArrowHead,chrono_gam,1.0,0.6971428571428572,0.7143945578231293,0.7866666666666667,0.6889795918367346
ArrowHead,chrono_gam,2.0,0.37714285714285717,0.1607242659077361,0.10285714285714286,0.45714285714285713
Beef,chrono_gam,1.0,0.4,0.5269230769230769,0.6,0.8
Beef,chrono_gam,2.0,0.5,0.6558704453441296,0.7,0.8
Beef,chrono_gam,3.0,0.7333333333333333,0.8389610389610389,0.8833333333333333,0.8200000000000001
Beef,chrono_gam,4.0,0.8,0.8727272727272727,1.0,0.8
Beef,chrono_gam,5.0,0.7333333333333333,0.7666666666666667,0.7666666666666667,0.7666666666666667
BeetleFly,chrono_gam,1.0,0.45,0.2909090909090909,0.26666666666666666,0.32
BeetleFly,chrono_gam,2.0,0.4,0.0,0.0,0.0
BirdChicken,chrono_gam,1.0,0.3,0.43636363636363634,0.8,0.3
BirdChicken,chrono_gam,2.0,0.8,0.6400000000000001,0.64,0.64
Car,chrono_gam,1.0,0.7666666666666667,0.8603831417624522,1.0,0.7666666666666667
Car,chrono_gam,2.0,0.4666666666666667,0.6141414141414142,0.5693506493506494,0.6884656084656083
Car,chrono_gam,3.0,0.4,0.43619047619047624,0.36444444444444446,0.5925925925925927
Car,chrono_gam,4.0,0.21666666666666667,0.0,0.0,0.0
CBF,chrono_gam,1.0,0.3788888888888889,0.35603424439337744,0.2721253067919734,0.5693660413660415
CBF,chrono_gam,2.0,0.24666666666666667,0.20228345777984583,0.1564468617801951,0.34182395382395386
CBF,chrono_gam,3.0,0.4888888888888889,0.5321932103848019,0.45506256706256704,0.678548661215328
ChlorineConcentration,chrono_gam,1.0,0.23072916666666668,0.0,0.0,0.0
ChlorineConcentration,chrono_gam,2.0,0.32786458333333335,0.2497991460884485,0.1715860933048433,0.6649983465608466
ChlorineConcentration,chrono_gam,3.0,0.53125,0.31955517069548806,0.2994180241055243,0.48362764550264564
CinCECGTorso,chrono_gam,1.0,0.7355072463768116,0.8431664698018752,0.9836152253543559,0.746750109793588
CinCECGTorso,chrono_gam,2.0,0.2572463768115942,0.33722500931242216,0.2729835703748747,0.5044461174895956
CinCECGTorso,chrono_gam,3.0,0.5311594202898551,0.665622714524293,0.6871387549648419,0.6871211879907533
CinCECGTorso,chrono_gam,4.0,0.34782608695652173,0.4574797901527311,0.4053124653124653,0.5725240299153342
Coffee,chrono_gam,0.0,0.5714285714285714,0.25210084033613445,0.17857142857142858,0.42857142857142855
Coffee,chrono_gam,1.0,0.14285714285714285,0.2285714285714286,0.15238095238095237,0.4571428571428572
Computers,chrono_gam,1.0,0.412,0.12802390289449117,0.08133333333333333,0.48
Computers,chrono_gam,2.0,0.512,0.09460828541943092,0.05292307692307692,0.512
CricketX,chrono_gam,1.0,0.4153846153846154,0.5496564167272376,0.42013900629285245,0.8877665923819771
CricketX,chrono_gam,2.0,0.5051282051282051,0.6192349033883314,0.5424175824175825,0.877431286662056
CricketX,chrono_gam,3.0,0.07948717948717948,0.0,0.0,0.0
CricketX,chrono_gam,4.0,0.07692307692307693,0.0,0.0,0.0
CricketX,chrono_gam,5.0,0.49230769230769234,0.5958197272927434,0.4830130553207476,0.9093935693935694
CricketX,chrono_gam,6.0,0.2564102564102564,0.3380737414173947,0.21460317460317468,0.8987545787545788
CricketX,chrono_gam,7.0,0.3384615384615385,0.46574025257831964,0.3224683009298394,0.9171672771672772
CricketX,chrono_gam,8.0,0.8666666666666667,0.9231140492567845,0.9375767821921669,0.9169875708337246
CricketX,chrono_gam,9.0,0.2512820512820513,0.36158794994708304,0.24356532356532362,0.7471550671550672
CricketX,chrono_gam,10.0,0.6282051282051282,0.7436441345216304,0.6662978047593432,0.8723291523291524
CricketX,chrono_gam,11.0,0.5128205128205128,0.6409882296642837,0.5445421245421246,0.9031945831945833
CricketX,chrono_gam,12.0,0.4358974358974359,0.5341439994642463,0.4309533201840894,0.865794205794206
CricketY,chrono_gam,1.0,0.5256410256410257,0.6346069069769568,0.5175758429604583,0.9039178485332333
CricketY,chrono_gam,2.0,0.07948717948717948,0.0,0.0,0.0
CricketY,chrono_gam,3.0,0.5358974358974359,0.6605548063108514,0.5561303653611346,0.9004102450256298
CricketY,chrono_gam,4.0,0.8205128205128205,0.8949421790456562,0.9004001127078051,0.9049526541834233
CricketY,chrono_gam,5.0,0.3641025641025641,0.489013718230447,0.3450023480792711,0.9147741147741147
CricketY,chrono_gam,6.0,0.8,0.8808318488863827,0.8711186249647788,0.9126658526658528
CricketY,chrono_gam,7.0,0.9128205128205128,0.9532847871446315,0.9974358974358974,0.9153846153846154
CricketY,chrono_gam,8.0,0.08205128205128205,0.0,0.0,0.0
CricketY,chrono_gam,9.0,0.8025641025641026,0.8811627898721575,0.8726495726495725,0.8982843367458753
CricketY,chrono_gam,10.0,0.38461538461538464,0.5183816054859884,0.3946670423593502,0.8756088356088355
CricketY,chrono_gam,11.0,0.27692307692307694,0.3678934313402838,0.2511317742086973,0.8405372405372407
CricketY,chrono_gam,12.0,0.07948717948717948,0.0,0.0,0.0
CricketZ,chrono_gam,1.0,0.823076923076923,0.8980458547122361,0.8965398703860243,0.9084887761810839
CricketZ,chrono_gam,2.0,0.7871794871794872,0.8616373174107214,0.851371363679056,0.9127171973325819
CricketZ,chrono_gam,3.0,0.2076923076923077,0.22912857810690632,0.13766489920336072,0.7863247863247864
CricketZ,chrono_gam,4.0,0.3230769230769231,0.43471026525111867,0.30028928336620647,0.8673504273504274
CricketZ,chrono_gam,5.0,0.32051282051282054,0.424380916840198,0.28561284868977177,0.8779487179487179
CricketZ,chrono_gam,6.0,0.2641025641025641,0.3458268553759199,0.23169907016060864,0.8785969585969587
CricketZ,chrono_gam,7.0,0.14102564102564102,0.1839108076878975,0.10706114398422091,0.7350427350427351
CricketZ,chrono_gam,8.0,0.6128205128205129,0.7296215551078147,0.6354052784822016,0.9129477929477932
CricketZ,chrono_gam,9.0,0.5076923076923077,0.6479436841287455,0.5338837231144923,0.8866876713030559
CricketZ,chrono_gam,10.0,0.2205128205128205,0.3040565717965099,0.19418615572461725,0.7955067155067156
CricketZ,chrono_gam,11.0,0.08205128205128205,0.0,0.0,0.0
CricketZ,chrono_gam,12.0,0.2641025641025641,0.3718746521223302,0.24377195454118533,0.8802442002442004
DiatomSizeReduction,chrono_gam,1.0,0.10784313725490197,0.0,0.0,0.0
DiatomSizeReduction,chrono_gam,2.0,0.6993464052287581,0.8163315751686274,0.9934640522875817,0.696078431372549
DiatomSizeReduction,chrono_gam,3.0,0.45751633986928103,0.5781959739988264,0.6264123675888382,0.5812610773395087
DiatomSizeReduction,chrono_gam,4.0,0.7091503267973857,0.8213823116602215,0.9934640522875817,0.7091503267973857
DistalPhalanxOutlineAgeGroup,chrono_gam,1.0,0.2158273381294964,0.2882330667973362,0.21328168234643052,0.631847768538416
DistalPhalanxOutlineAgeGroup,chrono_gam,2.0,0.4244604316546763,0.0,0.0,0.0
DistalPhalanxOutlineAgeGroup,chrono_gam,3.0,0.4676258992805755,0.0,0.0,0.0
DistalPhalanxOutlineCorrect,chrono_gam,0.0,0.35144927536231885,0.0519062258192693,0.03075684380032206,0.17391304347826086
DistalPhalanxOutlineCorrect,chrono_gam,1.0,0.605072463768116,0.5120729385356259,0.5705774097078444,0.5806878306878307
DistalPhalanxTW,chrono_gam,3.0,0.17266187050359713,0.16320120374288805,0.09578622816032888,0.6738609112709832
DistalPhalanxTW,chrono_gam,4.0,0.49640287769784175,0.5901149852647726,0.4662994878822217,0.9150949769654805
DistalPhalanxTW,chrono_gam,5.0,0.2805755395683453,0.0,0.0,0.0
DistalPhalanxTW,chrono_gam,6.0,0.8201438848920863,0.8647992803269584,0.9002398081534773,0.9136690647482014
DistalPhalanxTW,chrono_gam,7.0,0.05755395683453238,0.0,0.0,0.0
DistalPhalanxTW,chrono_gam,8.0,0.697841726618705,0.7918334152553733,1.0,0.697841726618705
Earthquakes,chrono_gam,0.0,0.6834532374100719,0.0,0.0,0.0
Earthquakes,chrono_gam,1.0,0.2589928057553957,0.017708909795240733,0.009592326139088728,0.11510791366906475
ECG200,chrono_gam,-1.0,0.27,0.23012454212454217,0.25497435897435894,0.2653333333333333
ECG200,chrono_gam,1.0,0.54,0.3666812719444298,0.39199999999999996,0.43333333333333335
ECG5000,chrono_gam,1.0,0.5248888888888888,0.07314896831580088,0.0436068376068376,0.3034074074074074
ECG5000,chrono_gam,2.0,0.35333333333333333,0.0,0.0,0.0
ECG5000,chrono_gam,3.0,0.2802222222222222,0.3769391210310111,0.2846368742368744,0.9010520689187357
ECG5000,chrono_gam,4.0,0.1691111111111111,0.24006360055732082,0.15529442409442418,0.8408317460317458
ECG5000,chrono_gam,5.0,0.9951111111111111,0.997422387014378,1.0,0.9951111111111111
ECGFiveDays,chrono_gam,1.0,0.4901277584204414,0.2787137240098913,0.2053262004481517,0.5221088435374149
ECGFiveDays,chrono_gam,2.0,0.5261324041811847,0.6225059762994927,0.8434371925661127,0.5128499581461253
ElectricDevices,chrono_gam,1.0,0.4025418233692128,0.4050894485622274,0.34152257632999433,0.8316690442225392
ElectricDevices,chrono_gam,2.0,0.3173388665542731,0.1402046098090067,0.08415683223101196,0.582241819046384
ElectricDevices,chrono_gam,3.0,0.09791207366100375,0.0,0.0,0.0
ElectricDevices,chrono_gam,4.0,0.19115549215406563,0.1504733445345829,0.09824109520646934,0.5478975613069765
ElectricDevices,chrono_gam,5.0,0.2534042277266243,0.12150447093925755,0.07831087916679927,0.50380841222496
ElectricDevices,chrono_gam,6.0,0.1746855142004928,0.17420605789209495,0.10598341268812024,0.6749232697877491
ElectricDevices,chrono_gam,7.0,0.20619893658410063,0.22046457076314813,0.14486597567909978,0.7826481649591492
FaceAll,chrono_gam,1.0,0.34437869822485206,0.43761479342921017,0.3254437869822485,0.9005917159763314
FaceAll,chrono_gam,2.0,0.15857988165680473,0.18914613268341357,0.11132713440405748,0.8056917441532827
FaceAll,chrono_gam,3.0,0.5272189349112426,0.5970437512958865,0.5096646942800789,0.9218934911242603
FaceAll,chrono_gam,4.0,0.26272189349112424,0.3127670460857612,0.21400394477317555,0.8248520710059172
FaceAll,chrono_gam,5.0,0.1893491124260355,0.21531080291406218,0.12994165597715895,0.8115976331360947
FaceAll,chrono_gam,6.0,0.2988165680473373,0.3400257294691441,0.2297041420118343,0.8738799661876585
FaceAll,chrono_gam,7.0,0.37810650887573966,0.45293945134695013,0.3467455621301775,0.8939983093829248
FaceAll,chrono_gam,8.0,0.2378698224852071,0.22204299078652154,0.13846153846153847,0.7633136094674556
FaceAll,chrono_gam,9.0,0.1881656804733728,0.24483258159560412,0.1492814877430262,0.8753451676528601
FaceAll,chrono_gam,10.0,0.1816568047337278,0.23461753564964918,0.14682445759368837,0.8453648915187377
FaceAll,chrono_gam,11.0,0.12781065088757396,0.2142385888499349,0.12840236686390533,0.8811308349769889
FaceAll,chrono_gam,12.0,0.4289940828402367,0.5320756113250141,0.42650887573964497,0.9564497041420118
FaceAll,chrono_gam,13.0,0.29053254437869824,0.23438746831821763,0.15838264299802762,0.7205917159763313
FaceAll,chrono_gam,14.0,0.06923076923076923,0.09405800148357892,0.05325443786982249,0.5301775147928994
FaceFour,chrono_gam,1.0,0.5113636363636364,0.6686676286676286,0.6192141192141192,0.7717615717615718
FaceFour,chrono_gam,2.0,0.3409090909090909,0.34646040234275527,0.25493900039354583,0.6021645021645022
FaceFour,chrono_gam,3.0,0.29545454545454547,0.0,0.0,0.0
FaceFour,chrono_gam,4.0,0.29545454545454547,0.1857397504456328,0.11544011544011544,0.4848484848484848
FacesUCR,chrono_gam,1.0,0.6434146341463415,0.7526593422839112,0.6797394800321629,0.9367914362060702
FacesUCR,chrono_gam,2.0,0.19658536585365854,0.2697384895219219,0.16890842490842475,0.7955586527293846
FacesUCR,chrono_gam,3.0,0.5097560975609756,0.6431477254525048,0.5300297751029458,0.8794130314130314
FacesUCR,chrono_gam,4.0,0.23170731707317074,0.32129593145072993,0.20563816671133728,0.8577282229965155
FacesUCR,chrono_gam,5.0,0.5195121951219512,0.6537765673214889,0.5618175645492721,0.8823939204427004
FacesUCR,chrono_gam,6.0,0.38926829268292684,0.5232576973442601,0.3995018315018314,0.8650122343780875
FacesUCR,chrono_gam,7.0,0.36146341463414633,0.5043223900106583,0.3741791216913168,0.8687606593948053
FacesUCR,chrono_gam,8.0,0.28585365853658534,0.36163457806479254,0.25832226310275075,0.7842075106465348
FacesUCR,chrono_gam,9.0,0.5673170731707317,0.6999183990932509,0.6048723309211114,0.9100014023916458
FacesUCR,chrono_gam,10.0,0.9,0.9418585844572449,0.9579133386938263,0.9354182836134055
FacesUCR,chrono_gam,11.0,0.9775609756097561,0.9878457907159719,0.9990243902439024,0.9775609756097561
FacesUCR,chrono_gam,12.0,0.32682926829268294,0.4487032217419509,0.32766479049405883,0.8894277971351143
FacesUCR,chrono_gam,13.0,0.14341463414634145,0.0,0.0,0.0
FacesUCR,chrono_gam,14.0,0.6219512195121951,0.7447855344333041,0.6364695792012863,0.9609485148997345
FiftyWords,chrono_gam,1.0,0.8593406593406593,0.921612902678556,0.9835897435897435,0.8734854888701044
FiftyWords,chrono_gam,2.0,0.09230769230769231,0.0,0.0,0.0
FiftyWords,chrono_gam,3.0,0.06153846153846154,0.0,0.0,0.0
FiftyWords,chrono_gam,4.0,0.8527472527472527,0.9164973353236748,0.9235897435897437,0.9207609240576273
FiftyWords,chrono_gam,5.0,0.432967032967033,0.5720874933940333,0.4621229320130419,0.9033193912314792
FiftyWords,chrono_gam,6.0,0.9098901098901099,0.9441854684143217,0.9475667189952904,0.9516971916971917
FiftyWords,chrono_gam,7.0,0.8901098901098901,0.9337451314855059,0.9252747252747253,0.9648351648351648
FiftyWords,chrono_gam,8.0,0.810989010989011,0.8830748030470311,0.8368812140240712,0.9681536046371211
FiftyWords,chrono_gam,9.0,0.8241758241758241,0.8893446875872284,0.8512820512820513,0.9693772893772894
FiftyWords,chrono_gam,10.0,0.7428571428571429,0.833745218052325,0.7632234432234433,0.9703143742704182
FiftyWords,chrono_gam,11.0,0.5802197802197803,0.6909753853388185,0.58981684981685,0.9579801151229723
FiftyWords,chrono_gam,12.0,0.5714285714285714,0.6646304084369417,0.5685609628466771,0.9691679748822606
FiftyWords,chrono_gam,13.0,0.6879120879120879,0.7504523041378842,0.6921273598196676,0.9750915750915752
FiftyWords,chrono_gam,14.0,0.8549450549450549,0.893479721597112,0.8735531135531136,0.9665934065934066
FiftyWords,chrono_gam,15.0,0.7032967032967034,0.7905678955782989,0.7208791208791209,0.9768009768009769
FiftyWords,chrono_gam,16.0,0.06813186813186813,0.10362860393820147,0.057749869178440605,0.5978021978021978
FiftyWords,chrono_gam,17.0,0.9846153846153847,0.992059553349876,1.0,0.9846153846153847
FiftyWords,chrono_gam,18.0,0.5692307692307692,0.7038893497301605,0.5767032967032967,0.9841348395194549
FiftyWords,chrono_gam,19.0,0.3010989010989011,0.4434600303458987,0.30344322344322344,0.9703610675039247
FiftyWords,chrono_gam,20.0,0.9868131868131869,0.9931182795698926,1.0,0.9868131868131869
FiftyWords,chrono_gam,21.0,0.43736263736263736,0.5833682349066472,0.44351648351648354,0.9799345953192107
FiftyWords,chrono_gam,22.0,0.08791208791208792,0.13898002925866704,0.08029304029304028,0.6681318681318681
FiftyWords,chrono_gam,23.0,0.7736263736263737,0.8363755717091285,0.776996336996337,0.9905808477237049
FiftyWords,chrono_gam,24.0,0.9824175824175824,0.9907739572255702,0.9956043956043956,0.9868131868131869
FiftyWords,chrono_gam,25.0,0.017582417582417582,0.0,0.0,0.0
FiftyWords,chrono_gam,26.0,0.5692307692307692,0.7044629518508444,0.5708424908424908,0.9937785291631445
FiftyWords,chrono_gam,27.0,0.8725274725274725,0.9104909175664229,0.8827838827838826,0.9880119880119881
FiftyWords,chrono_gam,28.0,0.3384615384615385,0.44236274408949056,0.33919413919413915,0.9574114774114775
FiftyWords,chrono_gam,29.0,0.31648351648351647,0.45805431318041095,0.3147252747252747,0.9744636316064889
FiftyWords,chrono_gam,30.0,0.7230769230769231,0.795779841449944,0.726007326007326,0.9956043956043956
FiftyWords,chrono_gam,31.0,0.9868131868131869,0.9931182795698925,1.0,0.9868131868131869
FiftyWords,chrono_gam,32.0,0.22197802197802197,0.3528231090487114,0.2235897435897436,0.9731868131868132
FiftyWords,chrono_gam,33.0,0.6417582417582418,0.7394423689287264,0.642051282051282,0.9882783882783883
FiftyWords,chrono_gam,34.0,0.01098901098901099,0.0,0.0,0.0
FiftyWords,chrono_gam,35.0,0.9956043956043956,0.9977313009571075,1.0,0.9956043956043956
FiftyWords,chrono_gam,36.0,0.567032967032967,0.6834498655714092,0.5665934065934066,0.9960927960927961
FiftyWords,chrono_gam,37.0,0.8,0.8706108593507567,0.8065934065934066,0.9934065934065934
FiftyWords,chrono_gam,38.0,0.6373626373626373,0.7545831242199891,0.6441025641025641,0.9868920822766977
FiftyWords,chrono_gam,39.0,0.9802197802197802,0.9897152310055537,0.989010989010989,0.9912087912087912
FiftyWords,chrono_gam,40.0,0.8307692307692308,0.8996665457292042,0.8351648351648353,0.9915864355424795
FiftyWords,chrono_gam,41.0,0.013186813186813187,0.0,0.0,0.0
FiftyWords,chrono_gam,42.0,0.01098901098901099,0.0,0.0,0.0
FiftyWords,chrono_gam,43.0,0.9934065934065934,0.9965478690044447,1.0,0.9934065934065934
FiftyWords,chrono_gam,44.0,0.6483516483516484,0.7562434653478122,0.6473260073260073,1.0
FiftyWords,chrono_gam,45.0,0.9934065934065934,0.9965969514356612,1.0,0.9934065934065934
FiftyWords,chrono_gam,46.0,0.6923076923076923,0.7967818740033045,0.6947985347985348,0.9949506903353057
FiftyWords,chrono_gam,47.0,0.9934065934065934,0.9965969514356612,1.0,0.9934065934065934
FiftyWords,chrono_gam,48.0,0.545054945054945,0.65015303060505,0.5418315018315019,1.0
FiftyWords,chrono_gam,49.0,0.008791208791208791,0.0,0.0,0.0
FiftyWords,chrono_gam,50.0,0.008791208791208791,0.0,0.0,0.0
Fish,chrono_gam,1.0,0.21142857142857144,0.19715334446869165,0.11811686725972438,0.7180952380952381
Fish,chrono_gam,2.0,0.32571428571428573,0.36493437140938245,0.2863799058084772,0.8217142857142857
Fish,chrono_gam,3.0,0.3142857142857143,0.42897994712759246,0.31652537938252223,0.7591836734693878
Fish,chrono_gam,4.0,0.8457142857142858,0.9116020850335168,0.9847619047619048,0.8571428571428571
Fish,chrono_gam,5.0,0.7542857142857143,0.837917541963307,0.8887619047619049,0.8137291280148422
Fish,chrono_gam,6.0,0.44,0.5076418236967642,0.40587755102040823,0.8624285714285715
Fish,chrono_gam,7.0,0.5142857142857142,0.5753147562823191,0.49289377289377284,0.9003290043290043
FordA,chrono_gam,-1.0,0.4696969696969697,0.2406425422468203,0.19131528404255674,0.40252044252044245
FordA,chrono_gam,1.0,0.46136363636363636,0.2617866724283836,0.21069919979010887,0.427070707070707
FordB,chrono_gam,-1.0,0.4925925925925926,0.2955264279011556,0.2313594498779684,0.4465138154027045
FordB,chrono_gam,1.0,0.4703703703703704,0.276217848156846,0.22319990023693728,0.4327180090143053
GunPoint,chrono_gam,1.0,0.58,0.5882285035226211,0.657061457061457,0.6031355311355312
GunPoint,chrono_gam,2.0,0.4666666666666667,0.09923232323232324,0.06294179894179894,0.24888888888888885
Ham,chrono_gam,1.0,0.38095238095238093,0.15944066515495087,0.09743589743589742,0.5428571428571428
Ham,chrono_gam,2.0,0.5523809523809524,0.14916435473711015,0.09523809523809523,0.45714285714285713
HandOutlines,chrono_gam,0.0,0.3621621621621622,0.1256142056142056,0.07337407337407338,0.4972972972972973
HandOutlines,chrono_gam,1.0,0.5918918918918918,0.49787592253065394,0.6147404547404547,0.4820186420186421
Haptics,chrono_gam,1.0,0.19480519480519481,0.0,0.0,0.0
Haptics,chrono_gam,2.0,0.18831168831168832,0.0,0.0,0.0
Haptics,chrono_gam,3.0,0.19155844155844157,0.0,0.0,0.0
Haptics,chrono_gam,4.0,0.6915584415584416,0.7885031745382508,0.8078008571515064,0.8133665036262439
Haptics,chrono_gam,5.0,0.21753246753246752,0.0,0.0,0.0
Herring,chrono_gam,1.0,0.59375,0.27361111111111114,0.1964285714285714,0.45833333333333326
Herring,chrono_gam,2.0,0.609375,0.6535576923076923,0.7083333333333334,0.7552083333333334
InlineSkate,chrono_gam,1.0,0.2545454545454545,0.35110872952921923,0.23455659492023131,0.7966753246753249
InlineSkate,chrono_gam,2.0,0.6636363636363637,0.7540993862387559,0.742584768766587,0.8174309730673367
InlineSkate,chrono_gam,3.0,0.3181818181818182,0.3656329805229327,0.24849514122241395,0.8107705627705628
InlineSkate,chrono_gam,4.0,0.2818181818181818,0.25764883619991985,0.16640963077326718,0.8883116883116883
InlineSkate,chrono_gam,5.0,0.6963636363636364,0.7766262171422235,0.8001542699724515,0.8299744699744699
InlineSkate,chrono_gam,6.0,0.5636363636363636,0.6490905655061403,0.6122131202131202,0.8318976780794964
InlineSkate,chrono_gam,7.0,0.9036363636363637,0.9484659915538672,0.9963636363636363,0.9072727272727272
InsectWingbeatSound,chrono_gam,1.0,0.6383838383838384,0.7553448557188619,0.7075983275983274,0.8805985821137333
InsectWingbeatSound,chrono_gam,2.0,0.5752525252525252,0.6951228434484222,0.619685062412335,0.8663575257514649
InsectWingbeatSound,chrono_gam,3.0,0.7494949494949495,0.8230367693872882,0.8193787693787694,0.8921662176207629
InsectWingbeatSound,chrono_gam,4.0,0.41515151515151516,0.5216350484390551,0.39808097626279454,0.9050931672143789
InsectWingbeatSound,chrono_gam,5.0,0.4626262626262626,0.5976772907890358,0.49929958929958934,0.8460249626916284
InsectWingbeatSound,chrono_gam,6.0,0.8141414141414142,0.8769178469202976,0.8933758833758831,0.8965991920537375
InsectWingbeatSound,chrono_gam,7.0,0.7287878787878788,0.8247610834982844,0.8076519776519775,0.8899525726798452
InsectWingbeatSound,chrono_gam,8.0,0.697979797979798,0.7926802220724756,0.7511422584149854,0.8998160649675797
InsectWingbeatSound,chrono_gam,9.0,0.8237373737373738,0.8908667684184132,0.9075779775779778,0.9013821419882024
InsectWingbeatSound,chrono_gam,10.0,0.7767676767676768,0.8615260419460453,0.8459128750037842,0.9056315401769943
InsectWingbeatSound,chrono_gam,11.0,0.8601010101010101,0.9200995584627862,0.95,0.9075727527242679
ItalyPowerDemand,chrono_gam,1.0,0.49854227405247814,0.0,0.0,0.0
ItalyPowerDemand,chrono_gam,2.0,0.5014577259475219,0.0,0.0,0.0
LargeKitchenAppliances,chrono_gam,1.0,0.36533333333333334,0.183258040526152,0.10933333333333334,0.64
LargeKitchenAppliances,chrono_gam,2.0,0.3466666666666667,0.1527956885678248,0.09046153846153845,0.64
LargeKitchenAppliances,chrono_gam,3.0,0.36,0.1132104366680218,0.0656,0.4693333333333333
Lightning2,chrono_gam,-1.0,0.4098360655737705,0.29747147741361823,0.24987580725285644,0.47868852459016387
Lightning2,chrono_gam,1.0,0.5245901639344263,0.3352778369171812,0.27728337236533956,0.4568306010928962
Lightning7,chrono_gam,0.0,0.3835616438356164,0.5384355767321818,0.43007175472928905,0.7575342465753424
Lightning7,chrono_gam,1.0,0.2465753424657534,0.29548995189607596,0.19049991104785624,0.8684931506849315
Lightning7,chrono_gam,2.0,0.4657534246575342,0.5747304532922538,0.47267800692458223,0.7671232876712328
Lightning7,chrono_gam,3.0,0.3287671232876712,0.41994242604725035,0.2825831702544031,0.9086757990867581
Lightning7,chrono_gam,4.0,0.863013698630137,0.9241511625906859,1.0,0.863013698630137
Lightning7,chrono_gam,5.0,0.3287671232876712,0.3275852806876175,0.22196068771411234,0.6447488584474885
Lightning7,chrono_gam,6.0,0.8356164383561644,0.9064181787999729,1.0,0.8356164383561644
Mallat,chrono_gam,1.0,0.8746268656716418,0.9310545523342221,1.0,0.8746268656716418
Mallat,chrono_gam,2.0,0.8754797441364606,0.9317743649036188,1.0,0.8754797441364606
Mallat,chrono_gam,3.0,0.8746268656716418,0.9309970351668295,1.0,0.8746268656716418
Mallat,chrono_gam,4.0,0.8767590618336887,0.932242625686408,1.0,0.8767590618336887
Mallat,chrono_gam,5.0,0.8729211087420042,0.9299699202623688,1.0,0.8729211087420042
Mallat,chrono_gam,6.0,0.8746268656716418,0.9308270631754992,1.0,0.8746268656716418
Mallat,chrono_gam,7.0,0.8750533049040512,0.9316436837519383,0.9991471215351813,0.8759061833688699
Mallat,chrono_gam,8.0,0.17057569296375266,0.2002818480303674,0.12559392277942372,0.6173134328358213
Meat,chrono_gam,1.0,0.38333333333333336,0.11497975708502024,0.06666666666666667,0.4666666666666667
Meat,chrono_gam,2.0,0.2833333333333333,0.425797827903091,0.6166666666666667,0.6666666666666666
Meat,chrono_gam,3.0,0.5166666666666667,0.6067632850241546,0.65,0.6666666666666666
MedicalImages,chrono_gam,1.0,0.1013157894736842,0.0,0.0,0.0
MedicalImages,chrono_gam,2.0,0.6526315789473685,0.7534869451138991,0.6872170811644497,0.932737058263374
MedicalImages,chrono_gam,3.0,0.4486842105263158,0.575147649882558,0.4681598226335068,0.8642721897985056
MedicalImages,chrono_gam,4.0,0.2355263157894737,0.33900907160480237,0.2226942355889724,0.8359064327485378
MedicalImages,chrono_gam,5.0,0.9526315789473684,0.9748712158594486,0.9986842105263158,0.9539473684210527
MedicalImages,chrono_gam,6.0,0.6776315789473685,0.7767928944622188,0.6968421052631578,0.9722807017543861
MedicalImages,chrono_gam,7.0,0.6789473684210526,0.747555349952243,0.6968922305764411,0.9501169590643276
MedicalImages,chrono_gam,8.0,0.9763157894736842,0.9876853423882289,1.0,0.9763157894736842
MedicalImages,chrono_gam,9.0,0.6802631578947368,0.7723346382396702,0.7000800077115867,0.9363605984658616
MedicalImages,chrono_gam,10.0,0.44605263157894737,0.280595555115679,0.24817802080959983,0.4037343358395991
MiddlePhalanxOutlineAgeGroup,chrono_gam,1.0,0.2727272727272727,0.1751498685598641,0.11065125350839636,0.6233766233766234
MiddlePhalanxOutlineAgeGroup,chrono_gam,2.0,0.538961038961039,0.2658301549057852,0.2128094128094128,0.40692640692640697
MiddlePhalanxOutlineAgeGroup,chrono_gam,3.0,0.7077922077922078,0.8134044900547363,0.8099783333549567,0.8554449879125203
MiddlePhalanxOutlineCorrect,chrono_gam,0.0,0.39862542955326463,0.18828502539842748,0.13148272117344284,0.45269186712485676
MiddlePhalanxOutlineCorrect,chrono_gam,1.0,0.5189003436426117,0.3287786669229968,0.33465335733376966,0.38671248568155786
MiddlePhalanxTW,chrono_gam,3.0,0.13636363636363635,0.06753246753246754,0.04015032586461158,0.2251082251082251
MiddlePhalanxTW,chrono_gam,4.0,0.42857142857142855,0.43597649586150256,0.34083665252496426,0.7020408163265306
MiddlePhalanxTW,chrono_gam,5.0,0.3246753246753247,0.3985768911907789,0.2770515199086627,0.8229643372500515
MiddlePhalanxTW,chrono_gam,6.0,0.38961038961038963,0.4946480280024035,0.37815993530279246,0.8378066378066379
MiddlePhalanxTW,chrono_gam,7.0,0.24025974025974026,0.3210641832490573,0.20841063698206555,0.8796536796536797
MiddlePhalanxTW,chrono_gam,8.0,0.525974025974026,0.5882998852240137,0.5277618485410693,0.8173968888254602
MoteStrain,chrono_gam,1.0,0.48801916932907347,0.46982511387284664,0.5522518659898851,0.44862923728738424
MoteStrain,chrono_gam,2.0,0.3913738019169329,0.39065227862380186,0.44406605109480507,0.42076148913209616
NonInvasiveFetalECGThorax1,chrono_gam,1.0,0.9633587786259542,0.9793581748059019,0.9856044888105956,0.976528938971687
NonInvasiveFetalECGThorax1,chrono_gam,2.0,0.9801526717557252,0.9896648825714373,1.0,0.9801526717557252
NonInvasiveFetalECGThorax1,chrono_gam,3.0,0.9786259541984733,0.9887895041234208,1.0,0.9786259541984733
NonInvasiveFetalECGThorax1,chrono_gam,4.0,0.4534351145038168,0.5786643638538904,0.4473573246092329,0.9818201476216741
NonInvasiveFetalECGThorax1,chrono_gam,5.0,0.9755725190839695,0.9872153490684685,1.0,0.9755725190839695
NonInvasiveFetalECGThorax1,chrono_gam,6.0,0.9725190839694656,0.985639382557757,0.9979643765903308,0.9745547073791349
NonInvasiveFetalECGThorax1,chrono_gam,7.0,0.5089058524173028,0.6394721414754369,0.5125505876650914,0.9652058204729959
NonInvasiveFetalECGThorax1,chrono_gam,8.0,0.9791348600508906,0.9891433418150977,1.0,0.9791348600508906
NonInvasiveFetalECGThorax1,chrono_gam,9.0,0.4737913486005089,0.6042250177646648,0.4844727791292677,0.9599285306155535
NonInvasiveFetalECGThorax1,chrono_gam,10.0,0.981679389312977,0.9904566472406907,1.0,0.981679389312977
NonInvasiveFetalECGThorax1,chrono_gam,11.0,0.9496183206106871,0.9698293678661527,0.9688888888888888,0.9792883395936831
NonInvasiveFetalECGThorax1,chrono_gam,12.0,0.19236641221374046,0.28822140526687656,0.17753422997697801,0.9378456318914334
NonInvasiveFetalECGThorax1,chrono_gam,13.0,0.9587786259541985,0.975189708555875,0.980763358778626,0.9759020962074397
NonInvasiveFetalECGThorax1,chrono_gam,14.0,0.6198473282442748,0.7217077584799971,0.6325287774142735,0.9629677193035971
NonInvasiveFetalECGThorax1,chrono_gam,15.0,0.9704834605597964,0.9846062489562905,1.0,0.9704834605597964
NonInvasiveFetalECGThorax1,chrono_gam,16.0,0.7653944020356234,0.8495874108354516,0.7885956621834485,0.9648141962645779
NonInvasiveFetalECGThorax1,chrono_gam,17.0,0.9302798982188295,0.9562502313468562,0.943380588876772,0.9844000161557414
NonInvasiveFetalECGThorax1,chrono_gam,18.0,0.9704834605597964,0.983853426086255,0.9936895674300253,0.9762849872773537
NonInvasiveFetalECGThorax1,chrono_gam,19.0,0.8015267175572519,0.8693781349361844,0.8210250817884407,0.9696624551586385
NonInvasiveFetalECGThorax1,chrono_gam,20.0,0.020865139949109414,0.0,0.0,0.0
NonInvasiveFetalECGThorax1,chrono_gam,21.0,0.9765903307888041,0.9877737227585833,1.0,0.9765903307888041
NonInvasiveFetalECGThorax1,chrono_gam,22.0,0.9765903307888041,0.9877950149114891,1.0,0.9765903307888041
NonInvasiveFetalECGThorax1,chrono_gam,23.0,0.7791348600508906,0.8472329743320439,0.7980649460802132,0.9622209229842815
NonInvasiveFetalECGThorax1,chrono_gam,24.0,0.1633587786259542,0.2514291460868416,0.15664942351965247,0.8474639525021205
NonInvasiveFetalECGThorax1,chrono_gam,25.0,0.9750636132315522,0.9870420531341492,1.0,0.9750636132315522
NonInvasiveFetalECGThorax1,chrono_gam,26.0,0.5847328244274809,0.701185202816418,0.5976881134133043,0.9615316433637044
NonInvasiveFetalECGThorax1,chrono_gam,27.0,0.9180661577608142,0.9441027511496239,0.936997455470738,0.9786663435518397
NonInvasiveFetalECGThorax1,chrono_gam,28.0,0.9755725190839695,0.9872153490684684,0.9984732824427481,0.9770992366412213
NonInvasiveFetalECGThorax1,chrono_gam,29.0,0.9750636132315522,0.9870050616979947,1.0,0.9750636132315522
NonInvasiveFetalECGThorax1,chrono_gam,30.0,0.9104325699745547,0.9459197166074418,0.9298142400432475,0.9740932067649624
NonInvasiveFetalECGThorax1,chrono_gam,31.0,0.9740458015267176,0.9863361892065544,1.0,0.9740458015267176
NonInvasiveFetalECGThorax1,chrono_gam,32.0,0.9618320610687023,0.9792513254774693,0.9867684478371501,0.9750636132315522
NonInvasiveFetalECGThorax1,chrono_gam,33.0,0.9648854961832061,0.9810756839424828,0.9892451229855811,0.9754998182479099
NonInvasiveFetalECGThorax1,chrono_gam,34.0,0.9786259541984733,0.9888436892938249,1.0,0.9786259541984733
NonInvasiveFetalECGThorax1,chrono_gam,35.0,0.7720101781170483,0.8455446882860719,0.794484429904277,0.9706363187279218
NonInvasiveFetalECGThorax1,chrono_gam,36.0,0.26463104325699743,0.38193945772992227,0.2710487561632599,0.8947523214698786
NonInvasiveFetalECGThorax1,chrono_gam,37.0,0.9699745547073791,0.9841217851770717,0.9947752332485157,0.9750296861747244
NonInvasiveFetalECGThorax1,chrono_gam,38.0,0.9745547073791349,0.9866531939644562,1.0,0.9745547073791349
NonInvasiveFetalECGThorax1,chrono_gam,39.0,0.4020356234096692,0.5304211590850807,0.40860628769025736,0.949443544863392
NonInvasiveFetalECGThorax1,chrono_gam,40.0,0.9765903307888041,0.9877950149114889,1.0,0.9765903307888041
NonInvasiveFetalECGThorax1,chrono_gam,41.0,0.9720101781170484,0.9853435114503819,0.9994910941475827,0.9725190839694656
NonInvasiveFetalECGThorax1,chrono_gam,42.0,0.7750636132315522,0.8488252010973095,0.7850430146613354,0.9791538289248215
NonInvasiveFetalECGThorax2,chrono_gam,1.0,0.9628498727735368,0.9783996084214545,0.9872773536895675,0.9755725190839695
NonInvasiveFetalECGThorax2,chrono_gam,2.0,0.9801526717557252,0.9896648825714373,1.0,0.9801526717557252
NonInvasiveFetalECGThorax2,chrono_gam,3.0,0.9786259541984733,0.9887895041234208,1.0,0.9786259541984733
NonInvasiveFetalECGThorax2,chrono_gam,4.0,0.8539440203562341,0.8951668643010455,0.8711692717799586,0.975077532024097
NonInvasiveFetalECGThorax2,chrono_gam,5.0,0.9735368956743002,0.9860521356915147,0.9978625954198473,0.9754550792718731
NonInvasiveFetalECGThorax2,chrono_gam,6.0,0.9745547073791349,0.9867250483762472,1.0,0.9745547073791349
NonInvasiveFetalECGThorax2,chrono_gam,7.0,0.9709923664122138,0.9848882322361765,1.0,0.9709923664122138
NonInvasiveFetalECGThorax2,chrono_gam,8.0,0.020865139949109414,0.0,0.0,0.0
NonInvasiveFetalECGThorax2,chrono_gam,9.0,0.6432569974554707,0.7501973825025676,0.650785448648044,0.9794900378106485
NonInvasiveFetalECGThorax2,chrono_gam,10.0,0.981679389312977,0.9904566472406907,1.0,0.981679389312977
NonInvasiveFetalECGThorax2,chrono_gam,11.0,0.9745547073791349,0.9859571486521373,0.9941306191687871,0.9796437659033079
NonInvasiveFetalECGThorax2,chrono_gam,12.0,0.23460559796437658,0.3579969019342684,0.23455834242093776,0.9038604143947654
NonInvasiveFetalECGThorax2,chrono_gam,13.0,0.961323155216285,0.978123580561121,0.9868799224524415,0.973604749787956
NonInvasiveFetalECGThorax2,chrono_gam,14.0,0.9516539440203562,0.9702136537024499,0.974176663031625,0.9769926087483339
NonInvasiveFetalECGThorax2,chrono_gam,15.0,0.8356234096692112,0.8840475973025052,0.8595419847328244,0.9687028832067001
NonInvasiveFetalECGThorax2,chrono_gam,16.0,0.8274809160305343,0.8782280296852806,0.8524706167454257,0.9618889789882156
NonInvasiveFetalECGThorax2,chrono_gam,17.0,0.983206106870229,0.9912971627130704,1.0,0.983206106870229
NonInvasiveFetalECGThorax2,chrono_gam,18.0,0.9623409669211196,0.9770492163514495,0.9852417302798984,0.9743123712589362
NonInvasiveFetalECGThorax2,chrono_gam,19.0,0.9659033078880407,0.9803298338891415,0.9903307888040712,0.9755725190839695
NonInvasiveFetalECGThorax2,chrono_gam,20.0,0.020865139949109414,0.0,0.0,0.0
NonInvasiveFetalECGThorax2,chrono_gam,21.0,0.9765903307888041,0.9877737227585833,1.0,0.9765903307888041
NonInvasiveFetalECGThorax2,chrono_gam,22.0,0.9765903307888041,0.9877950149114891,1.0,0.9765903307888041
NonInvasiveFetalECGThorax2,chrono_gam,23.0,0.9735368956743002,0.9861820569646231,1.0,0.9735368956743002
NonInvasiveFetalECGThorax2,chrono_gam,24.0,0.8254452926208652,0.8799017665971719,0.846412213740458,0.9741373017708894
NonInvasiveFetalECGThorax2,chrono_gam,25.0,0.9745547073791349,0.9867793920490305,0.9994910941475827,0.9750636132315522
NonInvasiveFetalECGThorax2,chrono_gam,26.0,0.31653944020356234,0.4480037468139365,0.325845147219193,0.9535243947457687
NonInvasiveFetalECGThorax2,chrono_gam,27.0,0.8814249363867684,0.9237939286873719,0.8979910335635526,0.9754416123881772
NonInvasiveFetalECGThorax2,chrono_gam,28.0,0.1638676844783715,0.24782026077289904,0.14770386526111715,0.9404822488791955
NonInvasiveFetalECGThorax2,chrono_gam,29.0,0.9750636132315522,0.9870050616979947,1.0,0.9750636132315522
NonInvasiveFetalECGThorax2,chrono_gam,30.0,0.9648854961832061,0.9800039856949143,0.9871651334246754,0.9764546225614927
NonInvasiveFetalECGThorax2,chrono_gam,31.0,0.9740458015267176,0.9863361892065544,1.0,0.9740458015267176
NonInvasiveFetalECGThorax2,chrono_gam,32.0,0.9709923664122138,0.9845114958857968,0.9959287531806615,0.9750636132315522
NonInvasiveFetalECGThorax2,chrono_gam,33.0,0.7684478371501272,0.8396279419370425,0.7902290076335877,0.972341867914387
NonInvasiveFetalECGThorax2,chrono_gam,34.0,0.9765903307888041,0.9876804759168711,0.9979643765903308,0.9786259541984733
NonInvasiveFetalECGThorax2,chrono_gam,35.0,0.5022900763358779,0.6279898648449536,0.5191712104689205,0.9737065309584393
NonInvasiveFetalECGThorax2,chrono_gam,36.0,0.20814249363867685,0.32438957016484077,0.20787685596845892,0.8991800961266612
NonInvasiveFetalECGThorax2,chrono_gam,37.0,0.9725190839694656,0.9854466302467619,0.9978286683630195,0.9743850720949957
NonInvasiveFetalECGThorax2,chrono_gam,38.0,0.9745547073791349,0.9866531939644562,1.0,0.9745547073791349
NonInvasiveFetalECGThorax2,chrono_gam,39.0,0.9623409669211196,0.9785479749338494,0.9861916878710772,0.9760087241003271
NonInvasiveFetalECGThorax2,chrono_gam,40.0,0.9765903307888041,0.9877950149114889,1.0,0.9765903307888041
NonInvasiveFetalECGThorax2,chrono_gam,41.0,0.9725190839694656,0.9856061725355005,1.0,0.9725190839694656
NonInvasiveFetalECGThorax2,chrono_gam,42.0,0.3379134860050891,0.4675768093830179,0.33767114988489055,0.9551631743998155
OliveOil,chrono_gam,1.0,0.3,0.4556149732620321,0.3909090909090909,0.7575757575757576
OliveOil,chrono_gam,2.0,0.4,0.5702517162471396,0.7,0.7
OliveOil,chrono_gam,3.0,0.13333333333333333,0.0717948717948718,0.03888888888888888,0.4666666666666667
OliveOil,chrono_gam,4.0,0.3333333333333333,0.4722222222222222,0.7333333333333333,0.6
OSULeaf,chrono_gam,1.0,0.1322314049586777,0.0,0.0,0.0
OSULeaf,chrono_gam,2.0,0.5991735537190083,0.7268815962241683,0.7565627210255309,0.7197685693553462
OSULeaf,chrono_gam,3.0,0.17355371900826447,0.0,0.0,0.0
OSULeaf,chrono_gam,4.0,0.6859504132231405,0.7926262441186795,0.806844670481034,0.7898173451892461
OSULeaf,chrono_gam,5.0,0.371900826446281,0.4358463832973489,0.32138366683821235,0.74826183917093
OSULeaf,chrono_gam,6.0,0.5041322314049587,0.6261469929355777,0.5018719572438581,0.8771127862036955
PhalangesOutlinesCorrect,chrono_gam,0.0,0.3916083916083916,0.12987896665395635,0.09059614304369548,0.3621711621711622
PhalangesOutlinesCorrect,chrono_gam,1.0,0.5606060606060606,0.3119621492635206,0.38462413007867546,0.3749513113149477
Phoneme,chrono_gam,1.0,0.054324894514767935,0.06469470607104336,0.03533755274261603,0.4472573839662447
Phoneme,chrono_gam,2.0,0.15822784810126583,0.22856754354579295,0.13578293483356776,0.8860759493670886
Phoneme,chrono_gam,3.0,0.17668776371308018,0.15100313868977877,0.0859704641350211,0.759493670886076
Phoneme,chrono_gam,4.0,0.012130801687763712,0.0,0.0,0.0
Phoneme,chrono_gam,5.0,0.004219409282700422,0.0,0.0,0.0
Phoneme,chrono_gam,6.0,0.9841772151898734,0.9865198093046195,0.9915611814345991,0.9841772151898734
Phoneme,chrono_gam,7.0,0.5738396624472574,0.675144470451076,0.5701476793248945,0.9703134418324292
Phoneme,chrono_gam,8.0,0.0058016877637130804,0.0,0.0,0.0
Phoneme,chrono_gam,9.0,0.09071729957805907,0.10279675568502611,0.05646976090014064,0.6497890295358649
Phoneme,chrono_gam,10.0,0.0010548523206751054,0.0,0.0,0.0
Phoneme,chrono_gam,11.0,0.09335443037974683,0.11639473466490727,0.06457203134418324,0.6962025316455697
Phoneme,chrono_gam,12.0,0.09546413502109705,0.11936211008202213,0.06645569620253164,0.6877637130801688
Phoneme,chrono_gam,13.0,0.3190928270042194,0.4366402934771648,0.3084036568213783,0.9770946353224833
Phoneme,chrono_gam,14.0,0.2600210970464135,0.3636270002078136,0.2577004219409283,0.959915611814346
Phoneme,chrono_gam,15.0,0.9862869198312236,0.9895172636563434,0.9984177215189873,0.9878691983122363
Phoneme,chrono_gam,16.0,0.007911392405063292,0.0,0.0,0.0
Phoneme,chrono_gam,17.0,0.11339662447257384,0.12328745251894505,0.0680379746835443,0.7510548523206751
Phoneme,chrono_gam,18.0,0.0770042194092827,0.07150232659500982,0.03955696202531646,0.47257383966244726
Phoneme,chrono_gam,19.0,0.9915611814345991,0.9943349844065309,1.0,0.9915611814345991
Phoneme,chrono_gam,20.0,0.0759493670886076,0.05849985267628406,0.03217299578059072,0.37130801687763715
Phoneme,chrono_gam,21.0,0.07383966244725738,0.030445933647720694,0.016350210970464137,0.23628691983122363
Phoneme,chrono_gam,22.0,0.1350210970464135,0.18698869287888345,0.1097722600887158,0.8579465541490857
Phoneme,chrono_gam,23.0,0.08069620253164557,0.023606629712363148,0.012658227848101266,0.18565400843881857
Phoneme,chrono_gam,24.0,0.010548523206751054,0.0,0.0,0.0
Phoneme,chrono_gam,25.0,0.01529535864978903,0.0,0.0,0.0
Phoneme,chrono_gam,26.0,0.0015822784810126582,0.0,0.0,0.0
Phoneme,chrono_gam,27.0,0.12130801687763713,0.16167440118531526,0.09218237224566338,0.8059071729957806
Phoneme,chrono_gam,28.0,0.0859704641350211,0.06135053029280402,0.03322784810126582,0.4472573839662447
Phoneme,chrono_gam,29.0,0.08333333333333333,0.05205907960934018,0.028075300227198962,0.3881856540084388
Phoneme,chrono_gam,30.0,0.9868143459915611,0.9887928917464782,0.9915611814345991,0.9868143459915611
Phoneme,chrono_gam,31.0,0.1281645569620253,0.11944106978789726,0.06739334270979841,0.6075949367088608
Phoneme,chrono_gam,32.0,0.004219409282700422,0.0,0.0,0.0
Phoneme,chrono_gam,33.0,0.0026371308016877636,0.0,0.0,0.0
Phoneme,chrono_gam,34.0,0.9889240506329114,0.9916345624656027,1.0,0.9889240506329114
Phoneme,chrono_gam,35.0,0.9868143459915611,0.9886357243319269,0.9915611814345991,0.9868143459915611
Phoneme,chrono_gam,36.0,0.00949367088607595,0.0,0.0,0.0
Phoneme,chrono_gam,37.0,0.006856540084388186,0.0,0.0,0.0
Phoneme,chrono_gam,38.0,0.011603375527426161,0.0,0.0,0.0
Phoneme,chrono_gam,39.0,0.0005274261603375527,0.0,0.0,0.0
Plane,chrono_gam,1.0,0.8571428571428571,0.9209156684549978,1.0,0.8571428571428571
Plane,chrono_gam,2.0,0.8476190476190476,0.9154660633255898,1.0,0.8476190476190476
Plane,chrono_gam,3.0,0.8,0.8870921569303369,1.0,0.8
Plane,chrono_gam,4.0,0.8666666666666667,0.9276775834545905,1.0,0.8666666666666667
Plane,chrono_gam,5.0,0.21904761904761905,0.24913626056483196,0.18341182626896912,0.5301587301587302
Plane,chrono_gam,6.0,0.8857142857142857,0.9365454687622176,1.0,0.8857142857142857
Plane,chrono_gam,7.0,0.9047619047619048,0.9482840017727521,1.0,0.9047619047619048
ProximalPhalanxOutlineAgeGroup,chrono_gam,1.0,0.375609756097561,0.46699226810983957,0.38954898759776807,0.9516840882694542
ProximalPhalanxOutlineAgeGroup,chrono_gam,2.0,0.44390243902439025,0.166321804585038,0.12121634463097877,0.4276422764227642
ProximalPhalanxOutlineAgeGroup,chrono_gam,3.0,0.4878048780487805,0.18493566641267314,0.13974567437982072,0.5151219512195122
ProximalPhalanxOutlineCorrect,chrono_gam,0.0,0.3161512027491409,0.0,0.0,0.0
ProximalPhalanxOutlineCorrect,chrono_gam,1.0,0.5463917525773195,0.08514006039779234,0.1453117329405989,0.06643757159221077
ProximalPhalanxTW,chrono_gam,3.0,0.3463414634146341,0.4902034153824074,0.343739837398374,0.9170731707317074
ProximalPhalanxTW,chrono_gam,4.0,0.3902439024390244,0.275769019757542,0.1904469514225612,0.6742547425474255
ProximalPhalanxTW,chrono_gam,5.0,0.37073170731707317,0.40000375341152583,0.2714508255971671,0.8536585365853658
ProximalPhalanxTW,chrono_gam,6.0,0.7170731707317073,0.8147422760550626,0.7603252032520326,0.9433856116782947
ProximalPhalanxTW,chrono_gam,7.0,0.06829268292682927,0.0,0.0,0.0
ProximalPhalanxTW,chrono_gam,8.0,0.4926829268292683,0.456648897848022,0.35010745352208766,0.7461556329849012
RefrigerationDevices,chrono_gam,1.0,0.34933333333333333,0.057534686389175554,0.032,0.3413333333333333
RefrigerationDevices,chrono_gam,2.0,0.33866666666666667,0.0671739479417498,0.03911111111111111,0.32
RefrigerationDevices,chrono_gam,3.0,0.37333333333333335,0.09755651874785003,0.056,0.4693333333333333
ScreenType,chrono_gam,1.0,0.4026666666666667,0.26923454131207536,0.18488888888888888,0.6485333333333333
ScreenType,chrono_gam,2.0,0.408,0.20280588598521024,0.12772649572649572,0.6115555555555555
ScreenType,chrono_gam,3.0,0.45066666666666666,0.27790688884758075,0.1829333333333333,0.6826666666666666
ShapeletSim,chrono_gam,0.0,0.5111111111111111,0.03137254901960784,0.016666666666666666,0.26666666666666666
ShapeletSim,chrono_gam,1.0,0.5,0.0,0.0,0.0
ShapesAll,chrono_gam,1.0,0.9666666666666667,0.9757575757575758,0.9833333333333333,0.9833333333333333
ShapesAll,chrono_gam,2.0,0.52,0.625609011132887,0.523,0.9280952380952382
ShapesAll,chrono_gam,3.0,0.97,0.9790595611285267,0.9866666666666667,0.9833333333333333
ShapesAll,chrono_gam,4.0,0.16666666666666666,0.24530564775972402,0.1569047619047619,0.8222222222222222
ShapesAll,chrono_gam,5.0,0.55,0.6476604933919867,0.5666666666666667,0.9433333333333334
ShapesAll,chrono_gam,6.0,0.5933333333333334,0.6816754198819797,0.61,0.9433333333333334
ShapesAll,chrono_gam,7.0,0.05,0.07150326797385621,0.03944444444444444,0.49333333333333335
ShapesAll,chrono_gam,8.0,0.9816666666666667,0.9869898989898991,0.9983333333333333,0.9833333333333333
ShapesAll,chrono_gam,9.0,0.185,0.2756181149700526,0.17777777777777778,0.8853333333333334
ShapesAll,chrono_gam,10.0,0.975,0.9850983584316918,0.9916666666666667,0.9833333333333333
ShapesAll,chrono_gam,11.0,0.135,0.22312704233393418,0.15166666666666667,0.8233333333333334
ShapesAll,chrono_gam,12.0,0.9816666666666667,0.9884444444444446,0.9983333333333333,0.9833333333333333
ShapesAll,chrono_gam,13.0,0.15666666666666668,0.24866024469739634,0.1519047619047619,0.8408888888888888
ShapesAll,chrono_gam,14.0,0.13333333333333333,0.20765325077399382,0.12388888888888888,0.8711111111111113
ShapesAll,chrono_gam,15.0,0.9833333333333333,0.9900366300366301,1.0,0.9833333333333333
ShapesAll,chrono_gam,16.0,0.9833333333333333,0.9878787878787879,1.0,0.9833333333333333
ShapesAll,chrono_gam,17.0,0.3233333333333333,0.4386110222032435,0.3227777777777778,0.8829629629629631
ShapesAll,chrono_gam,18.0,0.9833333333333333,0.9900366300366301,1.0,0.9833333333333333
ShapesAll,chrono_gam,19.0,0.3333333333333333,0.4619637555230787,0.34833333333333333,0.9173333333333333
ShapesAll,chrono_gam,20.0,0.9833333333333333,0.9893333333333334,1.0,0.9833333333333333
ShapesAll,chrono_gam,21.0,0.17166666666666666,0.26830520461426366,0.16333333333333333,0.9066666666666666
ShapesAll,chrono_gam,22.0,0.9566666666666667,0.9702409401359927,0.9733333333333334,0.9833333333333333
ShapesAll,chrono_gam,23.0,0.96,0.9692958892958893,0.9766666666666667,0.9833333333333333
ShapesAll,chrono_gam,24.0,0.145,0.21333064251041545,0.13166666666666665,0.88
ShapesAll,chrono_gam,25.0,0.14,0.21824928333906665,0.12888888888888891,0.8266666666666667
ShapesAll,chrono_gam,26.0,0.425,0.5342486791764233,0.43833333333333335,0.9393333333333334
ShapesAll,chrono_gam,27.0,0.20166666666666666,0.299471731020957,0.20666666666666667,0.8977777777777777
ShapesAll,chrono_gam,28.0,0.16333333333333333,0.23744391664531647,0.15547619047619046,0.7333333333333333
ShapesAll,chrono_gam,29.0,0.9833333333333333,0.9893333333333334,1.0,0.9833333333333333
ShapesAll,chrono_gam,30.0,0.9566666666666667,0.9687140929246194,0.9733333333333334,0.9833333333333333
ShapesAll,chrono_gam,31.0,0.07166666666666667,0.10195161105377826,0.056666666666666664,0.6133333333333333
ShapesAll,chrono_gam,32.0,0.18,0.2751357178838669,0.17555555555555558,0.9422222222222221
ShapesAll,chrono_gam,33.0,0.9716666666666667,0.9831501831501832,0.9883333333333333,0.9833333333333333
ShapesAll,chrono_gam,34.0,0.245,0.36659687933417007,0.26166666666666666,0.93
ShapesAll,chrono_gam,35.0,0.395,0.5183436808965333,0.41,0.9807407407407408
ShapesAll,chrono_gam,36.0,0.10166666666666667,0.16703274526184742,0.10166666666666667,0.7833333333333333
ShapesAll,chrono_gam,37.0,0.215,0.3281385249609775,0.21722222222222218,0.9266666666666666
ShapesAll,chrono_gam,38.0,0.38666666666666666,0.5166013696628845,0.4033333333333333,0.97
ShapesAll,chrono_gam,39.0,0.18,0.2578506953618469,0.16666666666666666,0.8533333333333334
ShapesAll,chrono_gam,40.0,0.8733333333333333,0.9012882039312686,0.89,0.9433333333333334
ShapesAll,chrono_gam,41.0,0.12833333333333333,0.21631542909561485,0.13888888888888887,0.916923076923077
ShapesAll,chrono_gam,42.0,0.7116666666666667,0.7837966545686296,0.7283333333333334,0.97
ShapesAll,chrono_gam,43.0,0.12,0.1878218159778531,0.11333333333333333,0.7466666666666667
ShapesAll,chrono_gam,44.0,0.94,0.952984200984201,0.9566666666666667,0.9833333333333333
ShapesAll,chrono_gam,45.0,0.96,0.9729914529914531,0.9766666666666667,0.9833333333333333
ShapesAll,chrono_gam,46.0,0.7933333333333333,0.8376582369478766,0.81,0.97
ShapesAll,chrono_gam,47.0,0.455,0.5428353398418024,0.45166666666666666,0.92
ShapesAll,chrono_gam,48.0,0.5283333333333333,0.6273401504472347,0.5377777777777778,0.9365656565656567
ShapesAll,chrono_gam,49.0,0.09666666666666666,0.14718312120169705,0.08333333333333333,0.7466666666666667
ShapesAll,chrono_gam,50.0,0.9833333333333333,0.9893333333333334,1.0,0.9833333333333333
ShapesAll,chrono_gam,51.0,0.42,0.5026578034633847,0.4095238095238095,0.8755555555555554
ShapesAll,chrono_gam,52.0,0.2833333333333333,0.4056394571210204,0.28,0.92
ShapesAll,chrono_gam,53.0,0.41,0.5253818038588998,0.4266666666666667,0.9433333333333334
ShapesAll,chrono_gam,54.0,0.8766666666666667,0.9073763452687402,0.8933333333333333,0.97
ShapesAll,chrono_gam,55.0,0.31833333333333336,0.4325730977234649,0.30833333333333335,0.9733333333333334
ShapesAll,chrono_gam,56.0,0.9683333333333334,0.9796018474279342,0.985,0.9833333333333333
ShapesAll,chrono_gam,57.0,0.4533333333333333,0.5586627039239876,0.4672222222222222,0.9155555555555556
ShapesAll,chrono_gam,58.0,0.9866666666666667,0.9848888888888888,0.9866666666666667,0.9833333333333333
ShapesAll,chrono_gam,59.0,0.61,0.6924767916294604,0.6266666666666667,0.9433333333333334
ShapesAll,chrono_gam,60.0,0.9766666666666667,0.9840692640692642,0.9933333333333333,0.9833333333333333
SmallKitchenAppliances,chrono_gam,1.0,0.38133333333333336,0.11186240110079122,0.06488888888888888,0.5546666666666666
SmallKitchenAppliances,chrono_gam,2.0,0.32266666666666666,0.07362091503267974,0.04,0.512
SmallKitchenAppliances,chrono_gam,3.0,0.336,0.10163238160761381,0.057600000000000005,0.5333333333333333
SonyAIBORobotSurface1,chrono_gam,1.0,0.4925124792013311,0.0713281911285239,0.04934632754932256,0.14731003882418192
SonyAIBORobotSurface1,chrono_gam,2.0,0.562396006655574,0.7121187031128234,0.9842148607539621,0.5675400583886442
SonyAIBORobotSurface2,chrono_gam,1.0,0.32633788037775446,0.22669541773966778,0.17853809941952645,0.3808793980882125
SonyAIBORobotSurface2,chrono_gam,2.0,0.5939139559286464,0.4119062991137447,0.44418961008677676,0.45754200329226563
StarLightCurves,chrono_gam,1.0,0.8139873725109277,0.8857202725446315,0.9417404919833284,0.8568844651651839
StarLightCurves,chrono_gam,2.0,0.2798688683827101,0.0,0.0,0.0
StarLightCurves,chrono_gam,3.0,0.45628946090335115,0.591777500116073,0.9815143089062467,0.43368595949946137
Strawberry,chrono_gam,1.0,0.6810810810810811,0.512468157637573,0.5167567567567567,0.6284684684684684
Strawberry,chrono_gam,2.0,0.5351351351351351,0.055356196532667115,0.03431739431739431,0.2738738738738739
SwedishLeaf,chrono_gam,1.0,0.904,0.9433295426429131,0.9768615384615384,0.9241142857142857
SwedishLeaf,chrono_gam,2.0,0.1024,0.15188915032679737,0.08879824175824177,0.5973333333333332
SwedishLeaf,chrono_gam,3.0,0.064,0.0,0.0,0.0
SwedishLeaf,chrono_gam,4.0,0.552,0.6289225556919258,0.5542435164835164,0.9590857142857143
SwedishLeaf,chrono_gam,5.0,0.0672,0.0,0.0,0.0
SwedishLeaf,chrono_gam,6.0,0.1264,0.15858689861909675,0.0914121611721612,0.7061333333333333
SwedishLeaf,chrono_gam,7.0,0.9264,0.9590631368186876,0.9984,0.9248
SwedishLeaf,chrono_gam,8.0,0.2336,0.31761080409049175,0.21481260073260072,0.7908907448107448
SwedishLeaf,chrono_gam,9.0,0.0672,0.0,0.0,0.0
SwedishLeaf,chrono_gam,10.0,0.2016,0.2516488240208363,0.15432414696414695,0.8503466666666666
SwedishLeaf,chrono_gam,11.0,0.064,0.0,0.0,0.0
SwedishLeaf,chrono_gam,12.0,0.2064,0.3013648116726755,0.19626236874236874,0.8441904761904764
SwedishLeaf,chrono_gam,13.0,0.0672,0.0,0.0,0.0
SwedishLeaf,chrono_gam,14.0,0.3056,0.38952327785943214,0.2873310156510157,0.8355047619047619
SwedishLeaf,chrono_gam,15.0,0.9344,0.9618236898140787,0.9984,0.9344
Symbols,chrono_gam,1.0,0.8261306532663316,0.9006435652752437,1.0,0.8261306532663316
Symbols,chrono_gam,2.0,0.842211055276382,0.9111197761445659,1.0,0.842211055276382
Symbols,chrono_gam,3.0,0.8351758793969849,0.9072431566386542,1.0,0.8351758793969849
Symbols,chrono_gam,4.0,0.17889447236180905,0.0,0.0,0.0
Symbols,chrono_gam,5.0,0.15979899497487438,0.0,0.0,0.0
Symbols,chrono_gam,6.0,0.8351758793969849,0.907439108425933,1.0,0.8351758793969849
SyntheticControl,chrono_gam,1.0,0.16666666666666666,0.0,0.0,0.0
SyntheticControl,chrono_gam,2.0,0.12,0.0652119993296464,0.08,0.3296969696969697
SyntheticControl,chrono_gam,3.0,0.6233333333333333,0.6570678617623147,0.6266666666666667,0.8333333333333334
SyntheticControl,chrono_gam,4.0,0.16666666666666666,0.0,0.0,0.0
SyntheticControl,chrono_gam,5.0,0.16666666666666666,0.0,0.0,0.0
SyntheticControl,chrono_gam,6.0,0.22333333333333333,0.1644319950202303,0.126,0.45714285714285713
ToeSegmentation1,chrono_gam,0.0,0.4342105263157895,0.23047803267964656,0.15789473684210525,0.4678362573099415
ToeSegmentation1,chrono_gam,1.0,0.4605263157894737,0.1553708833487227,0.09210526315789473,0.5263157894736842
ToeSegmentation2,chrono_gam,0.0,0.8153846153846154,0.0,0.0,0.0
ToeSegmentation2,chrono_gam,1.0,0.18461538461538463,0.0,0.0,0.0
Trace,chrono_gam,1.0,0.57,0.7068781780050146,0.7782750582750583,0.6804444444444445
Trace,chrono_gam,2.0,0.71,0.8272302920578782,1.0,0.71
Trace,chrono_gam,3.0,0.72,0.8298775798913731,1.0,0.72
Trace,chrono_gam,4.0,0.81,0.8932472176610109,1.0,0.81
TwoLeadECG,chrono_gam,1.0,0.517998244073749,0.4151274103711876,0.378365873712669,0.5356484896432219
TwoLeadECG,chrono_gam,2.0,0.45302897278314314,0.23675242166178476,0.18258288389982852,0.408879969898407
TwoPatterns,chrono_gam,1.0,0.3185,0.2829596193624057,0.19221456876456894,0.6382999999999999
TwoPatterns,chrono_gam,2.0,0.37725,0.39963751411926945,0.30198871128871174,0.6792024309024303
TwoPatterns,chrono_gam,3.0,0.503,0.605862281453174,0.5805080808080808,0.6994621767121763
TwoPatterns,chrono_gam,4.0,0.23975,0.0,0.0,0.0
UWaveGestureLibraryAll,chrono_gam,1.0,0.878001116694584,0.9329142076630615,1.0,0.878001116694584
UWaveGestureLibraryAll,chrono_gam,2.0,0.6247906197654941,0.7463769271597039,0.7278149668434424,0.8433206845267143
UWaveGestureLibraryAll,chrono_gam,3.0,0.40145170295924065,0.5282214910890183,0.4506453810473909,0.7837519388608165
UWaveGestureLibraryAll,chrono_gam,4.0,0.3576214405360134,0.48274206927597924,0.3841757535224872,0.7691480087627488
UWaveGestureLibraryAll,chrono_gam,5.0,0.8729759910664433,0.9301479793717042,0.9932885837408452,0.8792082103639893
UWaveGestureLibraryAll,chrono_gam,6.0,0.6504745951982133,0.7610876227877769,0.7394242459569093,0.84159113422095
UWaveGestureLibraryAll,chrono_gam,7.0,0.5371300949190396,0.6720830077891616,0.6201252869594578,0.81872474569292
UWaveGestureLibraryAll,chrono_gam,8.0,0.7568397543271915,0.8442289672868184,0.8752521255033818,0.8568956014517155
UWaveGestureLibraryX,chrono_gam,1.0,0.707426018983808,0.8044993669937692,0.787300843582251,0.8666266297757089
UWaveGestureLibraryX,chrono_gam,2.0,0.5189838079285315,0.614076313324492,0.5724379287193357,0.7813974721847416
UWaveGestureLibraryX,chrono_gam,3.0,0.84142936906756,0.9099286888521793,0.9662700969233632,0.8714091169702561
UWaveGestureLibraryX,chrono_gam,4.0,0.6635957565605807,0.7793920509023476,0.7639428875609778,0.8481363354060171
UWaveGestureLibraryX,chrono_gam,5.0,0.5480178671133445,0.6633113154052819,0.5523902891574585,0.8935915269667364
UWaveGestureLibraryX,chrono_gam,6.0,0.3721384701284199,0.4515078869814996,0.31872798706969563,0.8793792596137655
UWaveGestureLibraryX,chrono_gam,7.0,0.7989949748743719,0.8769684352361276,0.9150369265947152,0.8671659068643991
UWaveGestureLibraryX,chrono_gam,8.0,0.4360692350642099,0.5450779825781024,0.4462036846458958,0.8271123968778912
UWaveGestureLibraryY,chrono_gam,1.0,0.878001116694584,0.9329142076630615,1.0,0.878001116694584
UWaveGestureLibraryY,chrono_gam,2.0,0.6856504745951982,0.7951237710438737,0.7870691502182289,0.8528251635454314
UWaveGestureLibraryY,chrono_gam,3.0,0.37716359575656055,0.48319379079117997,0.36629595046680496,0.8201003537686953
UWaveGestureLibraryY,chrono_gam,4.0,0.8411501954215522,0.9073872286216674,0.9572871944731237,0.8726695291184401
UWaveGestureLibraryY,chrono_gam,5.0,0.8782802903405919,0.9332928714551713,0.9991624790619765,0.8791178112786153
UWaveGestureLibraryY,chrono_gam,6.0,0.8199329983249581,0.8941052435173897,0.9334327128296975,0.8710710965317326
UWaveGestureLibraryY,chrono_gam,7.0,0.6099944165270799,0.7206784186884561,0.6607827962099316,0.8628702583476451
UWaveGestureLibraryY,chrono_gam,8.0,0.5734226689000559,0.7016714768941079,0.6358617187762909,0.8365712704071159
UWaveGestureLibraryZ,chrono_gam,1.0,0.669179229480737,0.773187689662443,0.7600005615080992,0.8470195850430355
UWaveGestureLibraryZ,chrono_gam,2.0,0.8302624232272473,0.9023607851646013,0.951270226144598,0.8687629945586393
UWaveGestureLibraryZ,chrono_gam,3.0,0.34031267448352875,0.43207865842621584,0.3051210561260814,0.8315317971934386
UWaveGestureLibraryZ,chrono_gam,4.0,0.47627024008933555,0.5771121029751916,0.45970595568585537,0.8899261263582868
UWaveGestureLibraryZ,chrono_gam,5.0,0.8721384701284198,0.929467116314443,0.9927069208476245,0.87877482651352
UWaveGestureLibraryZ,chrono_gam,6.0,0.5170295924064768,0.6442139745422429,0.5706681927787455,0.8253701940469109
UWaveGestureLibraryZ,chrono_gam,7.0,0.8752093802345059,0.9314163014042977,1.0,0.8752093802345059
UWaveGestureLibraryZ,chrono_gam,8.0,0.7654941373534339,0.8566022719093653,0.8731479854595431,0.8608491886548836
Wafer,chrono_gam,-1.0,0.10788449059052563,0.0,0.0,0.0
Wafer,chrono_gam,1.0,0.7464308890330954,0.34191550667483045,0.6408825438027255,0.25178183990643427
Wine,chrono_gam,1.0,0.2962962962962963,0.26038159371492703,0.22962962962962963,0.38095238095238093
Wine,chrono_gam,2.0,0.5740740740740741,0.1928277483833039,0.11784511784511784,0.5925925925925926
WordSynonyms,chrono_gam,1.0,0.896551724137931,0.9384803702612762,0.9163652439514508,0.9756732295917249
WordSynonyms,chrono_gam,2.0,0.6959247648902821,0.8094468092389823,0.8882129364887987,0.7635162469018271
WordSynonyms,chrono_gam,3.0,0.9780564263322884,0.9885124886237234,1.0,0.9780564263322884
WordSynonyms,chrono_gam,4.0,0.274294670846395,0.3412421308861423,0.22432050707912773,0.8283624421555457
WordSynonyms,chrono_gam,5.0,0.15047021943573669,0.23293358480718357,0.13605015673981194,0.9101358411703241
WordSynonyms,chrono_gam,6.0,0.08620689655172414,0.0,0.0,0.0
WordSynonyms,chrono_gam,7.0,0.54858934169279,0.6781411198612625,0.5508284818629646,0.9789750479405652
WordSynonyms,chrono_gam,8.0,0.45297805642633227,0.594250414107725,0.47828148862631625,0.9030999651689305
WordSynonyms,chrono_gam,9.0,0.7115987460815048,0.8086008929991713,0.7231974921630094,0.9826591033487585
WordSynonyms,chrono_gam,10.0,0.5736677115987461,0.7030166075668179,0.6032180463214946,0.9140422447632479
WordSynonyms,chrono_gam,11.0,0.9717868338557993,0.9847851896795169,0.987460815047022,0.9843260188087775
WordSynonyms,chrono_gam,12.0,0.7946708463949843,0.8698965625436078,0.8293924466338258,0.9445521041132326
WordSynonyms,chrono_gam,13.0,0.9796238244514106,0.9891540931930637,1.0,0.9796238244514106
WordSynonyms,chrono_gam,14.0,0.8605015673981191,0.9154998941315331,0.8928163790232756,0.9579190924018509
WordSynonyms,chrono_gam,15.0,0.9811912225705329,0.9901304479724947,1.0,0.9811912225705329
WordSynonyms,chrono_gam,16.0,0.8620689655172413,0.9191466852187752,0.8859979101358412,0.9735672895547502
WordSynonyms,chrono_gam,17.0,0.4952978056426332,0.6378929499655748,0.49613375130616516,0.9823456237249341
WordSynonyms,chrono_gam,18.0,0.6520376175548589,0.7601197770520318,0.6656412552964277,0.9640723261412917
WordSynonyms,chrono_gam,19.0,0.9843260188087775,0.991906457979873,1.0,0.9843260188087775
WordSynonyms,chrono_gam,20.0,0.27586206896551724,0.4216319584337236,0.2861173309449171,0.9172911379807932
WordSynonyms,chrono_gam,21.0,0.8307210031347962,0.8922283692662155,0.8445738169876102,0.9818610508265679
WordSynonyms,chrono_gam,22.0,0.20376175548589343,0.3091469275085354,0.1899571692675141,0.9525302283922973
WordSynonyms,chrono_gam,23.0,0.9686520376175548,0.9832699283890262,0.9808777429467084,0.9871324078220629
WordSynonyms,chrono_gam,24.0,0.5047021943573667,0.6308282010697727,0.5072617038134278,0.9686968204209584
WordSynonyms,chrono_gam,25.0,0.01567398119122257,0.0,0.0,0.0
Worms,chrono_gam,1.0,0.4935064935064935,0.19463203463203463,0.14285714285714285,0.37662337662337664
Worms,chrono_gam,2.0,0.2857142857142857,0.28515852912137746,0.17316017316017315,1.0
Worms,chrono_gam,3.0,0.4155844155844156,0.49198443013569065,0.39332096474953615,0.8119975262832405
Worms,chrono_gam,4.0,0.2987012987012987,0.3782790309106098,0.2922077922077922,0.8385899814471243
Worms,chrono_gam,5.0,0.1038961038961039,0.0,0.0,0.0
WormsTwoClass,chrono_gam,1.0,0.4155844155844156,0.13508637904922735,0.07878787878787878,0.4805194805194805
WormsTwoClass,chrono_gam,2.0,0.5064935064935064,0.046176046176046176,0.025974025974025976,0.2077922077922078
Yoga,chrono_gam,1.0,0.474,0.4307924414101793,0.44148299108299116,0.5002846116846117
Yoga,chrono_gam,2.0,0.5216666666666666,0.29645928074906386,0.2458095238095237,0.4649439153439155
ACSF1,chrono_gam,0.0,0.69,0.7055238095238096,0.69,0.78
ACSF1,chrono_gam,1.0,0.77,0.7974472934472935,0.79,0.9
ACSF1,chrono_gam,2.0,0.86,0.9002197802197803,0.96,0.86
ACSF1,chrono_gam,3.0,0.17,0.18312762297901614,0.10666666666666666,0.7466666666666666
ACSF1,chrono_gam,4.0,0.17,0.17601651186790504,0.11333333333333333,0.5866666666666667
ACSF1,chrono_gam,5.0,0.19,0.18922600619195046,0.11,0.8
ACSF1,chrono_gam,6.0,0.9,0.9359999999999999,1.0,0.9
ACSF1,chrono_gam,7.0,0.34,0.3509872721018232,0.27666666666666667,0.8533333333333333
ACSF1,chrono_gam,8.0,0.15,0.11084967320261438,0.06,0.8
ACSF1,chrono_gam,9.0,0.9,0.9272727272727272,1.0,0.9
BME,chrono_gam,1.0,0.48,0.2666291759520996,0.20857142857142857,0.6044444444444443
BME,chrono_gam,2.0,0.6666666666666666,0.6884656084656084,0.7866666666666666,0.6666666666666666
BME,chrono_gam,3.0,0.20666666666666667,0.26006558880862285,0.24666666666666667,0.6666666666666666
Chinatown,chrono_gam,1.0,0.7259475218658892,0.7304826692581794,0.7667638483965015,0.7259475218658892
Chinatown,chrono_gam,2.0,0.27405247813411077,0.27677356656948493,0.27988338192419826,0.27405247813411077
Crop,chrono_gam,1.0,0.08142857142857143,0.07459582663474766,0.04125,0.4723809523809524
Crop,chrono_gam,2.0,0.07297619047619047,0.05897232099043516,0.03283730158730159,0.3606349206349206
Crop,chrono_gam,3.0,0.044226190476190474,0.004743230625583565,0.0025595238095238097,0.035238095238095235
Crop,chrono_gam,4.0,0.061964285714285715,0.03985453830655057,0.021488095238095237,0.3
Crop,chrono_gam,5.0,0.05607142857142857,0.027353350697003866,0.014702380952380953,0.21142857142857144
Crop,chrono_gam,6.0,0.04755952380952381,0.010930594460006207,0.005892857142857143,0.08190476190476191
Crop,chrono_gam,7.0,0.06446428571428571,0.040706078922797075,0.02279761904761905,0.23333333333333334
Crop,chrono_gam,8.0,0.17125,0.19485128135045626,0.13053571428571428,0.7076190476190476
Crop,chrono_gam,9.0,0.04303571428571429,0.0029007158418923127,0.0015476190476190477,0.023809523809523808
Crop,chrono_gam,10.0,0.0830952380952381,0.07827573602540484,0.04373015873015874,0.4611111111111111
Crop,chrono_gam,11.0,0.042083333333333334,0.0007843137254901962,0.0004166666666666667,0.006666666666666667
Crop,chrono_gam,12.0,0.10994047619047619,0.11801011003232525,0.06946428571428571,0.5571428571428572
Crop,chrono_gam,13.0,0.10541666666666667,0.10872829149563547,0.06428571428571428,0.5314285714285715
Crop,chrono_gam,14.0,0.0681547619047619,0.05485635657771865,0.02994047619047619,0.37523809523809526
Crop,chrono_gam,15.0,0.08494047619047619,0.07984695910123359,0.0451984126984127,0.44904761904761903
Crop,chrono_gam,16.0,0.04958333333333333,0.014754533392304259,0.007976190476190477,0.10857142857142857
Crop,chrono_gam,17.0,0.10696428571428572,0.11817948083932883,0.06797619047619048,0.6312380952380952
Crop,chrono_gam,18.0,0.08595238095238095,0.08508934801991049,0.047619047619047616,0.4911904761904762
Crop,chrono_gam,19.0,0.10119047619047619,0.10631051685080165,0.06297619047619048,0.5
Crop,chrono_gam,20.0,0.0968452380952381,0.09953456353764087,0.0575,0.49523809523809526
Crop,chrono_gam,21.0,0.06410714285714286,0.04142513145609109,0.02244047619047619,0.29904761904761906
Crop,chrono_gam,22.0,0.12101190476190476,0.12815605509239392,0.08113095238095239,0.5066666666666667
Crop,chrono_gam,23.0,0.06041666666666667,0.03532294789260723,0.01904761904761905,0.26571428571428574
Crop,chrono_gam,24.0,0.05142857142857143,0.02359034842006973,0.012976190476190476,0.15333333333333332
EOGHorizontalSignal,chrono_gam,1.0,0.9171270718232044,0.9428711962451722,1.0,0.9171270718232044
EOGHorizontalSignal,chrono_gam,2.0,0.9171270718232044,0.9470257591804553,1.0,0.9171270718232044
EOGHorizontalSignal,chrono_gam,3.0,0.9171270718232044,0.9428711962451722,1.0,0.9171270718232044
EOGHorizontalSignal,chrono_gam,4.0,0.9171270718232044,0.9448784607874285,1.0,0.9171270718232044
EOGHorizontalSignal,chrono_gam,5.0,0.914364640883978,0.9435402166893879,1.0,0.914364640883978
EOGHorizontalSignal,chrono_gam,6.0,0.9171270718232044,0.943449225217181,1.0,0.9171270718232044
EOGHorizontalSignal,chrono_gam,7.0,0.9171270718232044,0.9457161622907481,1.0,0.9171270718232044
EOGHorizontalSignal,chrono_gam,8.0,0.9171270718232044,0.9435090445574511,1.0,0.9171270718232044
EOGHorizontalSignal,chrono_gam,9.0,0.914364640883978,0.9398098009185837,1.0,0.914364640883978
EOGHorizontalSignal,chrono_gam,10.0,0.9171270718232044,0.9470257591804553,1.0,0.9171270718232044
EOGHorizontalSignal,chrono_gam,11.0,0.914364640883978,0.9405139218436989,1.0,0.914364640883978
EOGHorizontalSignal,chrono_gam,12.0,0.919889502762431,0.937495964190423,0.9723756906077348,0.919889502762431
EOGVerticalSignal,chrono_gam,1.0,0.9171270718232044,0.9428711962451722,1.0,0.9171270718232044
EOGVerticalSignal,chrono_gam,2.0,0.9171270718232044,0.9470257591804553,1.0,0.9171270718232044
EOGVerticalSignal,chrono_gam,3.0,0.9171270718232044,0.9428711962451722,1.0,0.9171270718232044
EOGVerticalSignal,chrono_gam,4.0,0.9171270718232044,0.9448784607874285,1.0,0.9171270718232044
EOGVerticalSignal,chrono_gam,5.0,0.914364640883978,0.9435402166893879,1.0,0.914364640883978
EOGVerticalSignal,chrono_gam,6.0,0.9171270718232044,0.943449225217181,1.0,0.9171270718232044
EOGVerticalSignal,chrono_gam,7.0,0.9171270718232044,0.9457161622907481,1.0,0.9171270718232044
EOGVerticalSignal,chrono_gam,8.0,0.9171270718232044,0.9435090445574511,1.0,0.9171270718232044
EOGVerticalSignal,chrono_gam,9.0,0.914364640883978,0.9398098009185837,1.0,0.914364640883978
EOGVerticalSignal,chrono_gam,10.0,0.9171270718232044,0.9470257591804553,1.0,0.9171270718232044
EOGVerticalSignal,chrono_gam,11.0,0.914364640883978,0.9405139218436989,1.0,0.914364640883978
EOGVerticalSignal,chrono_gam,12.0,0.919889502762431,0.937495964190423,0.9723756906077348,0.919889502762431
EthanolLevel,chrono_gam,1.0,0.282,0.1471006849359791,0.09027905427905428,0.5653333333333334
EthanolLevel,chrono_gam,2.0,0.332,0.23911782417788616,0.15558996558996557,0.728
EthanolLevel,chrono_gam,3.0,0.358,0.2518041853571265,0.1687387279387279,0.6416
EthanolLevel,chrono_gam,4.0,0.334,0.255478086843385,0.1673055389055389,0.6912
FreezerRegularTrain,chrono_gam,1.0,0.5898245614035088,0.21944794228663453,0.16046783625730993,0.4930994152046784
FreezerRegularTrain,chrono_gam,2.0,0.4357894736842105,0.2093479318984486,0.14842105263157895,0.49543859649122807
FreezerSmallTrain,chrono_gam,1.0,0.4056140350877193,0.37662295499515597,0.3496374269005848,0.48771929824561405
FreezerSmallTrain,chrono_gam,2.0,0.383859649122807,0.24946901301322888,0.18771929824561404,0.48360902255639093
Fungi,chrono_gam,1.0,0.03763440860215054,0.0,0.0,0.0
Fungi,chrono_gam,2.0,0.05913978494623656,0.0,0.0,0.0
Fungi,chrono_gam,3.0,0.03763440860215054,0.0,0.0,0.0
Fungi,chrono_gam,4.0,0.10215053763440861,0.0,0.0,0.0
Fungi,chrono_gam,5.0,0.03763440860215054,0.0,0.0,0.0
Fungi,chrono_gam,6.0,0.05913978494623656,0.0,0.0,0.0
Fungi,chrono_gam,7.0,0.05913978494623656,0.0,0.0,0.0
Fungi,chrono_gam,8.0,0.03763440860215054,0.0,0.0,0.0
Fungi,chrono_gam,9.0,0.10215053763440861,0.0,0.0,0.0
Fungi,chrono_gam,10.0,0.03763440860215054,0.0,0.0,0.0
Fungi,chrono_gam,11.0,0.03763440860215054,0.0,0.0,0.0
Fungi,chrono_gam,12.0,0.08064516129032258,0.0,0.0,0.0
Fungi,chrono_gam,13.0,0.03763440860215054,0.0,0.0,0.0
Fungi,chrono_gam,14.0,0.03763440860215054,0.0,0.0,0.0
Fungi,chrono_gam,15.0,0.05913978494623656,0.0,0.0,0.0
Fungi,chrono_gam,16.0,0.05913978494623656,0.0,0.0,0.0
Fungi,chrono_gam,17.0,0.03763440860215054,0.0,0.0,0.0
Fungi,chrono_gam,18.0,0.08064516129032258,0.0,0.0,0.0
GunPointAgeSpan,chrono_gam,1.0,0.4936708860759494,0.4936708860759494,0.4936708860759494,0.4936708860759494
GunPointAgeSpan,chrono_gam,2.0,0.4936708860759494,0.0,0.0,0.0
GunPointMaleVersusFemale,chrono_gam,1.0,0.47468354430379744,0.4819863680623175,0.4936708860759494,0.47468354430379744
GunPointMaleVersusFemale,chrono_gam,2.0,0.5253164556962026,0.5339470655926352,0.5569620253164557,0.5253164556962026
GunPointOldVersusYoung,chrono_gam,1.0,0.47619047619047616,0.0,0.0,0.0
GunPointOldVersusYoung,chrono_gam,2.0,0.47619047619047616,0.4848484848484848,0.5079365079365079,0.47619047619047616
HouseTwenty,chrono_gam,1.0,0.42016806722689076,0.4372860255213196,0.46218487394957986,0.42016806722689076
HouseTwenty,chrono_gam,2.0,0.5798319327731093,0.6018407362945178,0.6722689075630253,0.5798319327731093
InsectEPGRegularTrain,chrono_gam,1.0,0.357429718875502,0.053392313214209494,0.07228915662650602,0.09236947791164658
InsectEPGRegularTrain,chrono_gam,2.0,0.4899598393574297,0.11808173871958422,0.13253012048192772,0.1646586345381526
InsectEPGRegularTrain,chrono_gam,3.0,0.17670682730923695,0.020291693088142042,0.012048192771084338,0.0642570281124498
InsectEPGSmallTrain,chrono_gam,1.0,0.3534136546184739,0.12277310435261936,0.11244979919678715,0.41365461847389556
InsectEPGSmallTrain,chrono_gam,2.0,0.46987951807228917,0.0,0.0,0.0
InsectEPGSmallTrain,chrono_gam,3.0,0.1686746987951807,0.0,0.0,0.0
MixedShapesRegularTrain,chrono_gam,1.0,0.25072164948453607,0.23439480819289357,0.14213058419243985,0.8037113402061856
MixedShapesRegularTrain,chrono_gam,2.0,0.7175257731958763,0.5817612969608372,0.537319587628866,0.7303092783505155
MixedShapesRegularTrain,chrono_gam,3.0,0.4090721649484536,0.4219823850394154,0.33278350515463917,0.8216043200785469
MixedShapesRegularTrain,chrono_gam,4.0,0.4284536082474227,0.4061546249836473,0.31595876288659797,0.7524250594766059
MixedShapesRegularTrain,chrono_gam,5.0,0.19835051546391752,0.1922748101855052,0.1127422680412371,0.7974079528718704
MixedShapesSmallTrain,chrono_gam,1.0,0.6672164948453608,0.6091772428131486,0.5676975945017182,0.7943917525773196
MixedShapesSmallTrain,chrono_gam,2.0,0.3534020618556701,0.21727297282820782,0.13468041237113404,0.6974020618556701
MixedShapesSmallTrain,chrono_gam,3.0,0.5138144329896908,0.5508649767717345,0.48783505154639173,0.8276288659793815
MixedShapesSmallTrain,chrono_gam,4.0,0.38103092783505155,0.3708182669991353,0.29311340206185565,0.7327245949926362
MixedShapesSmallTrain,chrono_gam,5.0,0.6511340206185567,0.6846278267663339,0.6106391752577319,0.8704203013481365
PigAirwayPressure,chrono_gam,1.0,0.9807692307692307,0.989010989010989,1.0,0.9807692307692307
PigAirwayPressure,chrono_gam,2.0,0.019230769230769232,0.0,0.0,0.0
PigAirwayPressure,chrono_gam,3.0,0.019230769230769232,0.0,0.0,0.0
PigAirwayPressure,chrono_gam,4.0,0.019230769230769232,0.0,0.0,0.0
PigAirwayPressure,chrono_gam,5.0,0.9807692307692307,0.989010989010989,1.0,0.9807692307692307
PigAirwayPressure,chrono_gam,6.0,0.9807692307692307,0.989010989010989,1.0,0.9807692307692307
PigAirwayPressure,chrono_gam,7.0,0.9807692307692307,0.989010989010989,1.0,0.9807692307692307
PigAirwayPressure,chrono_gam,8.0,0.019230769230769232,0.0,0.0,0.0
PigAirwayPressure,chrono_gam,9.0,0.019230769230769232,0.0,0.0,0.0
PigAirwayPressure,chrono_gam,10.0,0.019230769230769232,0.0,0.0,0.0
PigAirwayPressure,chrono_gam,11.0,0.019230769230769232,0.0,0.0,0.0
PigAirwayPressure,chrono_gam,12.0,0.9807692307692307,0.989010989010989,1.0,0.9807692307692307
PigAirwayPressure,chrono_gam,13.0,0.019230769230769232,0.0,0.0,0.0
PigAirwayPressure,chrono_gam,14.0,0.019230769230769232,0.0,0.0,0.0
PigAirwayPressure,chrono_gam,15.0,0.019230769230769232,0.0,0.0,0.0
PigAirwayPressure,chrono_gam,16.0,0.9807692307692307,0.989010989010989,1.0,0.9807692307692307
PigAirwayPressure,chrono_gam,17.0,0.019230769230769232,0.0,0.0,0.0
PigAirwayPressure,chrono_gam,18.0,0.019230769230769232,0.0,0.0,0.0
PigAirwayPressure,chrono_gam,19.0,0.019230769230769232,0.0,0.0,0.0
PigAirwayPressure,chrono_gam,20.0,0.019230769230769232,0.0,0.0,0.0
PigAirwayPressure,chrono_gam,21.0,0.9807692307692307,0.989010989010989,1.0,0.9807692307692307
PigAirwayPressure,chrono_gam,22.0,0.019230769230769232,0.0,0.0,0.0
PigAirwayPressure,chrono_gam,23.0,0.9807692307692307,0.989010989010989,1.0,0.9807692307692307
PigAirwayPressure,chrono_gam,24.0,0.019230769230769232,0.0,0.0,0.0
PigAirwayPressure,chrono_gam,25.0,0.019230769230769232,0.0,0.0,0.0
PigAirwayPressure,chrono_gam,26.0,0.019230769230769232,0.0,0.0,0.0
PigAirwayPressure,chrono_gam,27.0,0.019230769230769232,0.0,0.0,0.0
PigAirwayPressure,chrono_gam,28.0,0.9807692307692307,0.989010989010989,1.0,0.9807692307692307
PigAirwayPressure,chrono_gam,29.0,0.019230769230769232,0.0,0.0,0.0
PigAirwayPressure,chrono_gam,30.0,0.019230769230769232,0.0,0.0,0.0
PigAirwayPressure,chrono_gam,31.0,0.9807692307692307,0.989010989010989,1.0,0.9807692307692307
PigAirwayPressure,chrono_gam,32.0,0.019230769230769232,0.0,0.0,0.0
PigAirwayPressure,chrono_gam,33.0,0.019230769230769232,0.0,0.0,0.0
PigAirwayPressure,chrono_gam,34.0,0.019230769230769232,0.0,0.0,0.0
PigAirwayPressure,chrono_gam,35.0,0.019230769230769232,0.0,0.0,0.0
PigAirwayPressure,chrono_gam,36.0,0.019230769230769232,0.0,0.0,0.0
PigAirwayPressure,chrono_gam,37.0,0.019230769230769232,0.0,0.0,0.0
PigAirwayPressure,chrono_gam,38.0,0.9807692307692307,0.989010989010989,1.0,0.9807692307692307
PigAirwayPressure,chrono_gam,39.0,0.019230769230769232,0.0,0.0,0.0
PigAirwayPressure,chrono_gam,40.0,0.019230769230769232,0.0,0.0,0.0
PigAirwayPressure,chrono_gam,41.0,0.9807692307692307,0.989010989010989,1.0,0.9807692307692307
PigAirwayPressure,chrono_gam,42.0,0.019230769230769232,0.0,0.0,0.0
PigAirwayPressure,chrono_gam,43.0,0.019230769230769232,0.0,0.0,0.0
PigAirwayPressure,chrono_gam,44.0,0.019230769230769232,0.0,0.0,0.0
PigAirwayPressure,chrono_gam,45.0,0.019230769230769232,0.0,0.0,0.0
PigAirwayPressure,chrono_gam,46.0,0.9807692307692307,0.989010989010989,1.0,0.9807692307692307
PigAirwayPressure,chrono_gam,47.0,0.019230769230769232,0.0,0.0,0.0
PigAirwayPressure,chrono_gam,48.0,0.019230769230769232,0.0,0.0,0.0
PigAirwayPressure,chrono_gam,49.0,0.019230769230769232,0.0,0.0,0.0
PigAirwayPressure,chrono_gam,50.0,0.019230769230769232,0.0,0.0,0.0
PigAirwayPressure,chrono_gam,51.0,0.019230769230769232,0.0,0.0,0.0
PigAirwayPressure,chrono_gam,52.0,0.9807692307692307,0.989010989010989,1.0,0.9807692307692307
PigArtPressure,chrono_gam,1.0,0.019230769230769232,0.0,0.0,0.0
PigArtPressure,chrono_gam,2.0,0.9807692307692307,0.989010989010989,1.0,0.9807692307692307
PigArtPressure,chrono_gam,3.0,0.019230769230769232,0.0,0.0,0.0
PigArtPressure,chrono_gam,4.0,0.019230769230769232,0.0,0.0,0.0
PigArtPressure,chrono_gam,5.0,0.019230769230769232,0.0,0.0,0.0
PigArtPressure,chrono_gam,6.0,0.019230769230769232,0.0,0.0,0.0
PigArtPressure,chrono_gam,7.0,0.019230769230769232,0.0,0.0,0.0
PigArtPressure,chrono_gam,8.0,0.019230769230769232,0.0,0.0,0.0
PigArtPressure,chrono_gam,9.0,0.9807692307692307,0.989010989010989,1.0,0.9807692307692307
PigArtPressure,chrono_gam,10.0,0.019230769230769232,0.0,0.0,0.0
PigArtPressure,chrono_gam,11.0,0.019230769230769232,0.0,0.0,0.0
PigArtPressure,chrono_gam,12.0,0.019230769230769232,0.0,0.0,0.0
PigArtPressure,chrono_gam,13.0,0.019230769230769232,0.0,0.0,0.0
PigArtPressure,chrono_gam,14.0,0.019230769230769232,0.0,0.0,0.0
PigArtPressure,chrono_gam,15.0,0.019230769230769232,0.0,0.0,0.0
PigArtPressure,chrono_gam,16.0,0.019230769230769232,0.0,0.0,0.0
PigArtPressure,chrono_gam,17.0,0.019230769230769232,0.0,0.0,0.0
PigArtPressure,chrono_gam,18.0,0.9807692307692307,0.989010989010989,1.0,0.9807692307692307
PigArtPressure,chrono_gam,19.0,0.019230769230769232,0.0,0.0,0.0
PigArtPressure,chrono_gam,20.0,0.019230769230769232,0.0,0.0,0.0
PigArtPressure,chrono_gam,21.0,0.019230769230769232,0.0,0.0,0.0
PigArtPressure,chrono_gam,22.0,0.019230769230769232,0.0,0.0,0.0
PigArtPressure,chrono_gam,23.0,0.019230769230769232,0.0,0.0,0.0
PigArtPressure,chrono_gam,24.0,0.9807692307692307,0.989010989010989,1.0,0.9807692307692307
PigArtPressure,chrono_gam,25.0,0.019230769230769232,0.0,0.0,0.0
PigArtPressure,chrono_gam,26.0,0.019230769230769232,0.0,0.0,0.0
PigArtPressure,chrono_gam,27.0,0.019230769230769232,0.0,0.0,0.0
PigArtPressure,chrono_gam,28.0,0.019230769230769232,0.0,0.0,0.0
PigArtPressure,chrono_gam,29.0,0.019230769230769232,0.0,0.0,0.0
PigArtPressure,chrono_gam,30.0,0.019230769230769232,0.0,0.0,0.0
PigArtPressure,chrono_gam,31.0,0.019230769230769232,0.0,0.0,0.0
PigArtPressure,chrono_gam,32.0,0.019230769230769232,0.0,0.0,0.0
PigArtPressure,chrono_gam,33.0,0.019230769230769232,0.0,0.0,0.0
PigArtPressure,chrono_gam,34.0,0.019230769230769232,0.0,0.0,0.0
PigArtPressure,chrono_gam,35.0,0.019230769230769232,0.0,0.0,0.0
PigArtPressure,chrono_gam,36.0,0.9807692307692307,0.989010989010989,1.0,0.9807692307692307
PigArtPressure,chrono_gam,37.0,0.019230769230769232,0.0,0.0,0.0
PigArtPressure,chrono_gam,38.0,0.019230769230769232,0.0,0.0,0.0
PigArtPressure,chrono_gam,39.0,0.9807692307692307,0.989010989010989,1.0,0.9807692307692307
PigArtPressure,chrono_gam,40.0,0.019230769230769232,0.0,0.0,0.0
PigArtPressure,chrono_gam,41.0,0.019230769230769232,0.0,0.0,0.0
PigArtPressure,chrono_gam,42.0,0.019230769230769232,0.0,0.0,0.0
PigArtPressure,chrono_gam,43.0,0.9807692307692307,0.989010989010989,1.0,0.9807692307692307
PigArtPressure,chrono_gam,44.0,0.019230769230769232,0.0,0.0,0.0
PigArtPressure,chrono_gam,45.0,0.019230769230769232,0.0,0.0,0.0
PigArtPressure,chrono_gam,46.0,0.019230769230769232,0.0,0.0,0.0
PigArtPressure,chrono_gam,47.0,0.019230769230769232,0.0,0.0,0.0
PigArtPressure,chrono_gam,48.0,0.019230769230769232,0.0,0.0,0.0
PigArtPressure,chrono_gam,49.0,0.019230769230769232,0.0,0.0,0.0
PigArtPressure,chrono_gam,50.0,0.019230769230769232,0.0,0.0,0.0
PigArtPressure,chrono_gam,51.0,0.019230769230769232,0.0,0.0,0.0
PigArtPressure,chrono_gam,52.0,0.019230769230769232,0.0,0.0,0.0
PigCVP,chrono_gam,1.0,0.019230769230769232,0.0,0.0,0.0
PigCVP,chrono_gam,2.0,0.019230769230769232,0.0,0.0,0.0
PigCVP,chrono_gam,3.0,0.019230769230769232,0.0,0.0,0.0
PigCVP,chrono_gam,4.0,0.9807692307692307,0.989010989010989,1.0,0.9807692307692307
PigCVP,chrono_gam,5.0,0.019230769230769232,0.0,0.0,0.0
PigCVP,chrono_gam,6.0,0.019230769230769232,0.0,0.0,0.0
PigCVP,chrono_gam,7.0,0.9807692307692307,0.989010989010989,1.0,0.9807692307692307
PigCVP,chrono_gam,8.0,0.9807692307692307,0.989010989010989,1.0,0.9807692307692307
PigCVP,chrono_gam,9.0,0.019230769230769232,0.0,0.0,0.0
PigCVP,chrono_gam,10.0,0.019230769230769232,0.0,0.0,0.0
PigCVP,chrono_gam,11.0,0.019230769230769232,0.0,0.0,0.0
PigCVP,chrono_gam,12.0,0.9807692307692307,0.989010989010989,1.0,0.9807692307692307
PigCVP,chrono_gam,13.0,0.019230769230769232,0.0,0.0,0.0
PigCVP,chrono_gam,14.0,0.019230769230769232,0.0,0.0,0.0
PigCVP,chrono_gam,15.0,0.019230769230769232,0.0,0.0,0.0
PigCVP,chrono_gam,16.0,0.9807692307692307,0.989010989010989,1.0,0.9807692307692307
PigCVP,chrono_gam,17.0,0.019230769230769232,0.0,0.0,0.0
PigCVP,chrono_gam,18.0,0.019230769230769232,0.0,0.0,0.0
PigCVP,chrono_gam,19.0,0.019230769230769232,0.0,0.0,0.0
PigCVP,chrono_gam,20.0,0.019230769230769232,0.0,0.0,0.0
PigCVP,chrono_gam,21.0,0.019230769230769232,0.0,0.0,0.0
PigCVP,chrono_gam,22.0,0.019230769230769232,0.0,0.0,0.0
PigCVP,chrono_gam,23.0,0.9807692307692307,0.989010989010989,1.0,0.9807692307692307
PigCVP,chrono_gam,24.0,0.9807692307692307,0.989010989010989,1.0,0.9807692307692307
PigCVP,chrono_gam,25.0,0.019230769230769232,0.0,0.0,0.0
PigCVP,chrono_gam,26.0,0.019230769230769232,0.0,0.0,0.0
PigCVP,chrono_gam,27.0,0.019230769230769232,0.0,0.0,0.0
PigCVP,chrono_gam,28.0,0.019230769230769232,0.0,0.0,0.0
PigCVP,chrono_gam,29.0,0.019230769230769232,0.0,0.0,0.0
PigCVP,chrono_gam,30.0,0.019230769230769232,0.0,0.0,0.0
PigCVP,chrono_gam,31.0,0.019230769230769232,0.0,0.0,0.0
PigCVP,chrono_gam,32.0,0.9807692307692307,0.989010989010989,1.0,0.9807692307692307
PigCVP,chrono_gam,33.0,0.019230769230769232,0.0,0.0,0.0
PigCVP,chrono_gam,34.0,0.019230769230769232,0.0,0.0,0.0
PigCVP,chrono_gam,35.0,0.9807692307692307,0.989010989010989,1.0,0.9807692307692307
PigCVP,chrono_gam,36.0,0.019230769230769232,0.0,0.0,0.0
PigCVP,chrono_gam,37.0,0.019230769230769232,0.0,0.0,0.0
PigCVP,chrono_gam,38.0,0.019230769230769232,0.0,0.0,0.0
PigCVP,chrono_gam,39.0,0.019230769230769232,0.0,0.0,0.0
PigCVP,chrono_gam,40.0,0.019230769230769232,0.0,0.0,0.0
PigCVP,chrono_gam,41.0,0.019230769230769232,0.0,0.0,0.0
PigCVP,chrono_gam,42.0,0.019230769230769232,0.0,0.0,0.0
PigCVP,chrono_gam,43.0,0.019230769230769232,0.0,0.0,0.0
PigCVP,chrono_gam,44.0,0.019230769230769232,0.0,0.0,0.0
PigCVP,chrono_gam,45.0,0.019230769230769232,0.0,0.0,0.0
PigCVP,chrono_gam,46.0,0.019230769230769232,0.0,0.0,0.0
PigCVP,chrono_gam,47.0,0.019230769230769232,0.0,0.0,0.0
PigCVP,chrono_gam,48.0,0.019230769230769232,0.0,0.0,0.0
PigCVP,chrono_gam,49.0,0.019230769230769232,0.0,0.0,0.0
PigCVP,chrono_gam,50.0,0.019230769230769232,0.0,0.0,0.0
PigCVP,chrono_gam,51.0,0.019230769230769232,0.0,0.0,0.0
PigCVP,chrono_gam,52.0,0.019230769230769232,0.0,0.0,0.0
PowerCons,chrono_gam,1.0,0.6277777777777778,0.5609526276192943,0.7333333333333333,0.5
PowerCons,chrono_gam,2.0,0.5277777777777778,0.5613053613053613,0.7111111111111111,0.5
Rock,chrono_gam,1.0,0.54,0.5807407407407408,0.64,0.54
Rock,chrono_gam,2.0,0.78,0.8347826086956522,0.96,0.78
Rock,chrono_gam,3.0,0.84,0.8929523809523809,0.96,0.84
Rock,chrono_gam,4.0,0.76,0.768,0.96,0.72
SemgHandGenderCh2,chrono_gam,1.0,0.35,0.35384615384615387,0.36,0.35
SemgHandGenderCh2,chrono_gam,2.0,0.65,0.6545454545454545,0.6666666666666666,0.65
SemgHandMovementCh2,chrono_gam,1.0,0.8288888888888889,0.8347089947089946,0.8533333333333334,0.8288888888888889
SemgHandMovementCh2,chrono_gam,2.0,0.8288888888888889,0.8385438429882874,0.8533333333333334,0.8288888888888889
SemgHandMovementCh2,chrono_gam,3.0,0.8288888888888889,0.8360247637666992,0.8533333333333334,0.8288888888888889
SemgHandMovementCh2,chrono_gam,4.0,0.8288888888888889,0.8361830065359477,0.8888888888888888,0.8288888888888889
SemgHandMovementCh2,chrono_gam,5.0,0.8288888888888889,0.8382984126984127,0.8533333333333334,0.8288888888888889
SemgHandMovementCh2,chrono_gam,6.0,0.8377777777777777,0.8394202898550724,0.8533333333333334,0.8333333333333334
SemgHandSubjectCh2,chrono_gam,1.0,0.7955555555555556,0.8016161616161617,0.8177777777777778,0.7955555555555556
SemgHandSubjectCh2,chrono_gam,2.0,0.7955555555555556,0.8044932844932845,0.8177777777777778,0.7955555555555556
SemgHandSubjectCh2,chrono_gam,3.0,0.7955555555555556,0.8043456790123455,0.8533333333333334,0.7955555555555556
SemgHandSubjectCh2,chrono_gam,4.0,0.7955555555555556,0.8035555555555556,0.8177777777777778,0.7955555555555556
SemgHandSubjectCh2,chrono_gam,5.0,0.8044444444444444,0.8059259259259259,0.8177777777777778,0.8
SmoothSubspace,chrono_gam,1.0,0.32666666666666666,0.0,0.0,0.0
SmoothSubspace,chrono_gam,2.0,0.3333333333333333,0.0,0.0,0.0
SmoothSubspace,chrono_gam,3.0,0.3333333333333333,0.0,0.0,0.0
UMD,chrono_gam,1.0,0.2708333333333333,0.08447043534762833,0.04861111111111111,0.3333333333333333
UMD,chrono_gam,2.0,0.5069444444444444,0.5443060643060643,0.4861111111111111,0.6666666666666666
UMD,chrono_gam,3.0,0.3194444444444444,0.07285097274777358,0.041666666666666664,0.3333333333333333
